2026-08-04 20:58:44,783 INFO HTTP Request: GET http://testserver/ "HTTP/1.1 200 OK"
2026-08-04 20:58:44,791 INFO HTTP Request: GET http://testserver/health "HTTP/1.1 404 Not Found"
2026-08-04 20:58:44,791 INFO HTTP Request: GET http://testserver/health "HTTP/1.1 404 Not Found"
2026-08-04 20:58:44,952 INFO HTTP Request: GET http://testserver/ready "HTTP/1.1 404 Not Found"
2026-08-04 20:58:44,952 INFO HTTP Request: GET http://testserver/ready "HTTP/1.1 404 Not Found"
2026-08-04 20:58:44,952 INFO HTTP Request: GET http://testserver/ready "HTTP/1.1 404 Not Found"
2026-08-04 20:58:44,963 INFO HTTP Request: GET http://testserver/api/v1/health "HTTP/1.1 200 OK"
2026-08-04 20:58:44,963 INFO HTTP Request: GET http://testserver/api/v1/health "HTTP/1.1 200 OK"
2026-08-04 20:58:44,963 INFO HTTP Request: GET http://testserver/api/v1/health "HTTP/1.1 200 OK"
2026-08-04 20:58:44,963 INFO HTTP Request: GET http://testserver/api/v1/health "HTTP/1.1 200 OK"
2026-08-04 20:59:05,605 INFO HTTP Request: GET http://testserver/ "HTTP/1.1 200 OK"
2026-08-04 20:59:05,612 INFO HTTP Request: GET http://testserver/api/v1/health "HTTP/1.1 200 OK"
2026-08-04 20:59:05,612 INFO HTTP Request: GET http://testserver/api/v1/health "HTTP/1.1 200 OK"
2026-08-04 20:59:05,618 INFO HTTP Request: GET http://testserver/api/v1/ready "HTTP/1.1 200 OK"
2026-08-04 20:59:05,618 INFO HTTP Request: GET http://testserver/api/v1/ready "HTTP/1.1 200 OK"
2026-08-04 20:59:05,618 INFO HTTP Request: GET http://testserver/api/v1/ready "HTTP/1.1 200 OK"
2026-08-04 21:18:42,441 INFO HTTP Request: GET http://testserver/ "HTTP/1.1 200 OK"
2026-08-04 21:18:42,453 INFO HTTP Request: GET http://testserver/api/v1/health "HTTP/1.1 200 OK"
2026-08-04 21:18:42,453 INFO HTTP Request: GET http://testserver/api/v1/health "HTTP/1.1 200 OK"
2026-08-04 21:18:42,461 INFO HTTP Request: GET http://testserver/api/v1/ready "HTTP/1.1 200 OK"
2026-08-04 21:18:42,461 INFO HTTP Request: GET http://testserver/api/v1/ready "HTTP/1.1 200 OK"
2026-08-04 21:18:42,461 INFO HTTP Request: GET http://testserver/api/v1/ready "HTTP/1.1 200 OK"
2026-08-04 21:19:19,455 INFO HTTP Request: GET http://testserver/ "HTTP/1.1 200 OK"
2026-08-04 21:19:19,462 INFO HTTP Request: GET http://testserver/api/v1/health "HTTP/1.1 200 OK"
2026-08-04 21:19:19,462 INFO HTTP Request: GET http://testserver/api/v1/health "HTTP/1.1 200 OK"
2026-08-04 21:19:19,469 INFO HTTP Request: GET http://testserver/api/v1/ready "HTTP/1.1 200 OK"
2026-08-04 21:19:19,469 INFO HTTP Request: GET http://testserver/api/v1/ready "HTTP/1.1 200 OK"
2026-08-04 21:19:19,469 INFO HTTP Request: GET http://testserver/api/v1/ready "HTTP/1.1 200 OK"
2026-08-04 21:19:31,736 INFO HTTP Request: GET http://testserver/ "HTTP/1.1 200 OK"
2026-08-04 21:19:31,744 INFO HTTP Request: GET http://testserver/api/v1/health "HTTP/1.1 200 OK"
2026-08-04 21:19:31,744 INFO HTTP Request: GET http://testserver/api/v1/health "HTTP/1.1 200 OK"
2026-08-04 21:19:31,752 INFO HTTP Request: GET http://testserver/api/v1/ready "HTTP/1.1 200 OK"
2026-08-04 21:19:31,752 INFO HTTP Request: GET http://testserver/api/v1/ready "HTTP/1.1 200 OK"
2026-08-04 21:19:31,752 INFO HTTP Request: GET http://testserver/api/v1/ready "HTTP/1.1 200 OK"
2026-08-04 21:26:31,665 INFO HTTP Request: GET http://testserver/ "HTTP/1.1 200 OK"
2026-08-04 21:26:31,675 INFO HTTP Request: GET http://testserver/api/v1/health "HTTP/1.1 200 OK"
2026-08-04 21:26:31,675 INFO HTTP Request: GET http://testserver/api/v1/health "HTTP/1.1 200 OK"
2026-08-04 21:26:31,683 INFO HTTP Request: GET http://testserver/api/v1/ready "HTTP/1.1 200 OK"
2026-08-04 21:26:31,683 INFO HTTP Request: GET http://testserver/api/v1/ready "HTTP/1.1 200 OK"
2026-08-04 21:26:31,683 INFO HTTP Request: GET http://testserver/api/v1/ready "HTTP/1.1 200 OK"
2026-08-04 21:28:36,915 INFO HTTP Request: GET http://testserver/ "HTTP/1.1 200 OK"
2026-08-04 21:28:36,924 INFO HTTP Request: GET http://testserver/api/v1/health "HTTP/1.1 200 OK"
2026-08-04 21:28:36,924 INFO HTTP Request: GET http://testserver/api/v1/health "HTTP/1.1 200 OK"
2026-08-04 21:28:36,932 INFO HTTP Request: GET http://testserver/api/v1/ready "HTTP/1.1 200 OK"
2026-08-04 21:28:36,932 INFO HTTP Request: GET http://testserver/api/v1/ready "HTTP/1.1 200 OK"
2026-08-04 21:28:36,932 INFO HTTP Request: GET http://testserver/api/v1/ready "HTTP/1.1 200 OK"
2026-08-04 21:39:56,674 INFO HTTP Request: GET http://testserver/ "HTTP/1.1 200 OK"
2026-08-04 21:39:56,684 INFO HTTP Request: GET http://testserver/api/v1/health "HTTP/1.1 200 OK"
2026-08-04 21:39:56,684 INFO HTTP Request: GET http://testserver/api/v1/health "HTTP/1.1 200 OK"
2026-08-04 21:39:56,692 INFO HTTP Request: GET http://testserver/api/v1/ready "HTTP/1.1 200 OK"
2026-08-04 21:39:56,692 INFO HTTP Request: GET http://testserver/api/v1/ready "HTTP/1.1 200 OK"
2026-08-04 21:39:56,692 INFO HTTP Request: GET http://testserver/api/v1/ready "HTTP/1.1 200 OK"
2026-08-04 21:40:34,066 INFO HTTP Request: GET http://testserver/ "HTTP/1.1 200 OK"
2026-08-04 21:40:34,076 INFO HTTP Request: GET http://testserver/api/v1/health "HTTP/1.1 200 OK"
2026-08-04 21:40:34,076 INFO HTTP Request: GET http://testserver/api/v1/health "HTTP/1.1 200 OK"
2026-08-04 21:40:34,084 INFO HTTP Request: GET http://testserver/api/v1/ready "HTTP/1.1 200 OK"
2026-08-04 21:40:34,084 INFO HTTP Request: GET http://testserver/api/v1/ready "HTTP/1.1 200 OK"
2026-08-04 21:40:34,084 INFO HTTP Request: GET http://testserver/api/v1/ready "HTTP/1.1 200 OK"
2026-08-04 21:49:23,524 INFO HTTP Request: GET http://testserver/ "HTTP/1.1 200 OK"
2026-08-04 21:49:23,535 INFO HTTP Request: GET http://testserver/api/v1/health "HTTP/1.1 200 OK"
2026-08-04 21:49:23,535 INFO HTTP Request: GET http://testserver/api/v1/health "HTTP/1.1 200 OK"
2026-08-04 21:49:23,545 INFO HTTP Request: GET http://testserver/api/v1/ready "HTTP/1.1 200 OK"
2026-08-04 21:49:23,545 INFO HTTP Request: GET http://testserver/api/v1/ready "HTTP/1.1 200 OK"
2026-08-04 21:49:23,545 INFO HTTP Request: GET http://testserver/api/v1/ready "HTTP/1.1 200 OK"
2026-08-04 21:50:16,693 INFO HTTP Request: GET http://testserver/ "HTTP/1.1 200 OK"
2026-08-04 21:50:16,702 INFO HTTP Request: GET http://testserver/api/v1/health "HTTP/1.1 200 OK"
2026-08-04 21:50:16,702 INFO HTTP Request: GET http://testserver/api/v1/health "HTTP/1.1 200 OK"
2026-08-04 21:50:16,709 INFO HTTP Request: GET http://testserver/api/v1/ready "HTTP/1.1 200 OK"
2026-08-04 21:50:16,709 INFO HTTP Request: GET http://testserver/api/v1/ready "HTTP/1.1 200 OK"
2026-08-04 21:50:16,709 INFO HTTP Request: GET http://testserver/api/v1/ready "HTTP/1.1 200 OK"
2026-08-04 21:50:44,433 INFO HTTP Request: GET http://testserver/ "HTTP/1.1 200 OK"
2026-08-04 21:50:44,442 INFO HTTP Request: GET http://testserver/api/v1/health "HTTP/1.1 200 OK"
2026-08-04 21:50:44,442 INFO HTTP Request: GET http://testserver/api/v1/health "HTTP/1.1 200 OK"
2026-08-04 21:50:44,449 INFO HTTP Request: GET http://testserver/api/v1/ready "HTTP/1.1 200 OK"
2026-08-04 21:50:44,449 INFO HTTP Request: GET http://testserver/api/v1/ready "HTTP/1.1 200 OK"
2026-08-04 21:50:44,449 INFO HTTP Request: GET http://testserver/api/v1/ready "HTTP/1.1 200 OK"
2026-08-04 22:04:22,393 INFO HTTP Request: GET http://testserver/ "HTTP/1.1 200 OK"
2026-08-04 22:04:22,403 INFO HTTP Request: GET http://testserver/api/v1/health "HTTP/1.1 200 OK"
2026-08-04 22:04:22,403 INFO HTTP Request: GET http://testserver/api/v1/health "HTTP/1.1 200 OK"
2026-08-04 22:04:22,410 INFO HTTP Request: GET http://testserver/api/v1/ready "HTTP/1.1 200 OK"
2026-08-04 22:04:22,410 INFO HTTP Request: GET http://testserver/api/v1/ready "HTTP/1.1 200 OK"
2026-08-04 22:04:22,410 INFO HTTP Request: GET http://testserver/api/v1/ready "HTTP/1.1 200 OK"
2026-08-04 22:09:23,945 INFO HTTP Request: GET http://testserver/ "HTTP/1.1 200 OK"
2026-08-04 22:09:23,955 INFO HTTP Request: GET http://testserver/api/v1/health "HTTP/1.1 200 OK"
2026-08-04 22:09:23,955 INFO HTTP Request: GET http://testserver/api/v1/health "HTTP/1.1 200 OK"
2026-08-04 22:09:23,961 INFO HTTP Request: GET http://testserver/api/v1/ready "HTTP/1.1 200 OK"
2026-08-04 22:09:23,961 INFO HTTP Request: GET http://testserver/api/v1/ready "HTTP/1.1 200 OK"
2026-08-04 22:09:23,961 INFO HTTP Request: GET http://testserver/api/v1/ready "HTTP/1.1 200 OK"
2026-08-05 20:13:43,827 INFO HTTP Request: GET http://testserver/ "HTTP/1.1 200 OK"
2026-08-05 20:13:43,843 INFO HTTP Request: GET http://testserver/api/v1/health "HTTP/1.1 200 OK"
2026-08-05 20:13:43,843 INFO HTTP Request: GET http://testserver/api/v1/health "HTTP/1.1 200 OK"
2026-08-05 20:13:43,859 INFO HTTP Request: GET http://testserver/api/v1/ready "HTTP/1.1 200 OK"
2026-08-05 20:13:43,859 INFO HTTP Request: GET http://testserver/api/v1/ready "HTTP/1.1 200 OK"
2026-08-05 20:13:43,859 INFO HTTP Request: GET http://testserver/api/v1/ready "HTTP/1.1 200 OK"
2026-08-05 20:19:53,173 INFO HTTP Request: POST http://testserver/api/v1/query "HTTP/1.1 422 Unprocessable Entity"
2026-08-05 20:19:53,173 INFO HTTP Request: POST http://testserver/api/v1/query "HTTP/1.1 422 Unprocessable Entity"
2026-08-05 20:19:53,173 INFO HTTP Request: POST http://testserver/api/v1/query "HTTP/1.1 422 Unprocessable Entity"
2026-08-05 20:19:53,197 INFO HTTP Request: POST http://testserver/api/v1/query "HTTP/1.1 422 Unprocessable Entity"
2026-08-05 20:19:53,197 INFO HTTP Request: POST http://testserver/api/v1/query "HTTP/1.1 422 Unprocessable Entity"
2026-08-05 20:19:53,197 INFO HTTP Request: POST http://testserver/api/v1/query "HTTP/1.1 422 Unprocessable Entity"
2026-08-05 20:19:53,197 INFO HTTP Request: POST http://testserver/api/v1/query "HTTP/1.1 422 Unprocessable Entity"
2026-08-05 20:19:53,227 INFO HTTP Request: POST http://testserver/api/v1/explain "HTTP/1.1 200 OK"
2026-08-05 20:19:53,227 INFO HTTP Request: POST http://testserver/api/v1/explain "HTTP/1.1 200 OK"
2026-08-05 20:19:53,227 INFO HTTP Request: POST http://testserver/api/v1/explain "HTTP/1.1 200 OK"
2026-08-05 20:19:53,227 INFO HTTP Request: POST http://testserver/api/v1/explain "HTTP/1.1 200 OK"
2026-08-05 20:19:53,227 INFO HTTP Request: POST http://testserver/api/v1/explain "HTTP/1.1 200 OK"
2026-08-05 20:19:54,203 INFO HTTP Request: GET http://testserver/api/v1/provenance/doesnotexist "HTTP/1.1 404 Not Found"
2026-08-05 20:19:54,203 INFO HTTP Request: GET http://testserver/api/v1/provenance/doesnotexist "HTTP/1.1 404 Not Found"
2026-08-05 20:19:54,203 INFO HTTP Request: GET http://testserver/api/v1/provenance/doesnotexist "HTTP/1.1 404 Not Found"
2026-08-05 20:19:54,203 INFO HTTP Request: GET http://testserver/api/v1/provenance/doesnotexist "HTTP/1.1 404 Not Found"
2026-08-05 20:19:54,203 INFO HTTP Request: GET http://testserver/api/v1/provenance/doesnotexist "HTTP/1.1 404 Not Found"
2026-08-05 20:19:54,203 INFO HTTP Request: GET http://testserver/api/v1/provenance/doesnotexist "HTTP/1.1 404 Not Found"
2026-08-05 20:19:54,203 INFO HTTP Request: GET http://testserver/api/v1/provenance/doesnotexist "HTTP/1.1 404 Not Found"
2026-08-05 20:19:54,225 INFO HTTP Request: POST http://testserver/api/v1/explain "HTTP/1.1 422 Unprocessable Entity"
2026-08-05 20:19:54,225 INFO HTTP Request: POST http://testserver/api/v1/explain "HTTP/1.1 422 Unprocessable Entity"
2026-08-05 20:19:54,225 INFO HTTP Request: POST http://testserver/api/v1/explain "HTTP/1.1 422 Unprocessable Entity"
2026-08-05 20:19:54,225 INFO HTTP Request: POST http://testserver/api/v1/explain "HTTP/1.1 422 Unprocessable Entity"
2026-08-05 20:19:54,225 INFO HTTP Request: POST http://testserver/api/v1/explain "HTTP/1.1 422 Unprocessable Entity"
2026-08-05 20:19:54,225 INFO HTTP Request: POST http://testserver/api/v1/explain "HTTP/1.1 422 Unprocessable Entity"
2026-08-05 20:19:54,225 INFO HTTP Request: POST http://testserver/api/v1/explain "HTTP/1.1 422 Unprocessable Entity"
2026-08-05 20:19:54,225 INFO HTTP Request: POST http://testserver/api/v1/explain "HTTP/1.1 422 Unprocessable Entity"
2026-08-05 20:47:03,782 INFO HTTP Request: POST http://testserver/api/v1/query "HTTP/1.1 200 OK"
2026-08-05 20:47:03,798 INFO HTTP Request: POST http://testserver/api/v1/query "HTTP/1.1 200 OK"
2026-08-05 20:47:03,798 INFO HTTP Request: POST http://testserver/api/v1/query "HTTP/1.1 200 OK"
2026-08-05 20:47:03,813 INFO HTTP Request: POST http://testserver/api/v1/query "HTTP/1.1 422 Unprocessable Entity"
2026-08-05 20:47:03,813 INFO HTTP Request: POST http://testserver/api/v1/query "HTTP/1.1 422 Unprocessable Entity"
2026-08-05 20:47:03,813 INFO HTTP Request: POST http://testserver/api/v1/query "HTTP/1.1 422 Unprocessable Entity"
2026-08-05 20:47:03,825 INFO HTTP Request: POST http://testserver/api/v1/query "HTTP/1.1 422 Unprocessable Entity"
2026-08-05 20:47:03,825 INFO HTTP Request: POST http://testserver/api/v1/query "HTTP/1.1 422 Unprocessable Entity"
2026-08-05 20:47:03,825 INFO HTTP Request: POST http://testserver/api/v1/query "HTTP/1.1 422 Unprocessable Entity"
2026-08-05 20:47:03,825 INFO HTTP Request: POST http://testserver/api/v1/query "HTTP/1.1 422 Unprocessable Entity"
2026-08-05 20:47:03,842 INFO HTTP Request: POST http://testserver/api/v1/explain "HTTP/1.1 200 OK"
2026-08-05 20:47:03,842 INFO HTTP Request: POST http://testserver/api/v1/explain "HTTP/1.1 200 OK"
2026-08-05 20:47:03,842 INFO HTTP Request: POST http://testserver/api/v1/explain "HTTP/1.1 200 OK"
2026-08-05 20:47:03,842 INFO HTTP Request: POST http://testserver/api/v1/explain "HTTP/1.1 200 OK"
2026-08-05 20:47:03,842 INFO HTTP Request: POST http://testserver/api/v1/explain "HTTP/1.1 200 OK"
2026-08-05 20:47:03,858 INFO HTTP Request: POST http://testserver/api/v1/query "HTTP/1.1 200 OK"
2026-08-05 20:47:03,858 INFO HTTP Request: POST http://testserver/api/v1/query "HTTP/1.1 200 OK"
2026-08-05 20:47:03,858 INFO HTTP Request: POST http://testserver/api/v1/query "HTTP/1.1 200 OK"
2026-08-05 20:47:03,858 INFO HTTP Request: POST http://testserver/api/v1/query "HTTP/1.1 200 OK"
2026-08-05 20:47:03,858 INFO HTTP Request: POST http://testserver/api/v1/query "HTTP/1.1 200 OK"
2026-08-05 20:47:03,858 INFO HTTP Request: POST http://testserver/api/v1/query "HTTP/1.1 200 OK"
2026-08-05 20:47:03,860 INFO HTTP Request: GET http://testserver/api/v1/provenance/b72dc10834284f4a94247e80ce91c353 "HTTP/1.1 200 OK"
2026-08-05 20:47:03,860 INFO HTTP Request: GET http://testserver/api/v1/provenance/b72dc10834284f4a94247e80ce91c353 "HTTP/1.1 200 OK"
2026-08-05 20:47:03,860 INFO HTTP Request: GET http://testserver/api/v1/provenance/b72dc10834284f4a94247e80ce91c353 "HTTP/1.1 200 OK"
2026-08-05 20:47:03,860 INFO HTTP Request: GET http://testserver/api/v1/provenance/b72dc10834284f4a94247e80ce91c353 "HTTP/1.1 200 OK"
2026-08-05 20:47:03,860 INFO HTTP Request: GET http://testserver/api/v1/provenance/b72dc10834284f4a94247e80ce91c353 "HTTP/1.1 200 OK"
2026-08-05 20:47:03,860 INFO HTTP Request: GET http://testserver/api/v1/provenance/b72dc10834284f4a94247e80ce91c353 "HTTP/1.1 200 OK"
2026-08-05 20:47:03,876 INFO HTTP Request: GET http://testserver/api/v1/provenance/doesnotexist "HTTP/1.1 404 Not Found"
2026-08-05 20:47:03,876 INFO HTTP Request: GET http://testserver/api/v1/provenance/doesnotexist "HTTP/1.1 404 Not Found"
2026-08-05 20:47:03,876 INFO HTTP Request: GET http://testserver/api/v1/provenance/doesnotexist "HTTP/1.1 404 Not Found"
2026-08-05 20:47:03,876 INFO HTTP Request: GET http://testserver/api/v1/provenance/doesnotexist "HTTP/1.1 404 Not Found"
2026-08-05 20:47:03,876 INFO HTTP Request: GET http://testserver/api/v1/provenance/doesnotexist "HTTP/1.1 404 Not Found"
2026-08-05 20:47:03,876 INFO HTTP Request: GET http://testserver/api/v1/provenance/doesnotexist "HTTP/1.1 404 Not Found"
2026-08-05 20:47:03,876 INFO HTTP Request: GET http://testserver/api/v1/provenance/doesnotexist "HTTP/1.1 404 Not Found"
2026-08-05 20:47:03,889 INFO HTTP Request: POST http://testserver/api/v1/explain "HTTP/1.1 422 Unprocessable Entity"
2026-08-05 20:47:03,889 INFO HTTP Request: POST http://testserver/api/v1/explain "HTTP/1.1 422 Unprocessable Entity"
2026-08-05 20:47:03,889 INFO HTTP Request: POST http://testserver/api/v1/explain "HTTP/1.1 422 Unprocessable Entity"
2026-08-05 20:47:03,889 INFO HTTP Request: POST http://testserver/api/v1/explain "HTTP/1.1 422 Unprocessable Entity"
2026-08-05 20:47:03,889 INFO HTTP Request: POST http://testserver/api/v1/explain "HTTP/1.1 422 Unprocessable Entity"
2026-08-05 20:47:03,889 INFO HTTP Request: POST http://testserver/api/v1/explain "HTTP/1.1 422 Unprocessable Entity"
2026-08-05 20:47:03,889 INFO HTTP Request: POST http://testserver/api/v1/explain "HTTP/1.1 422 Unprocessable Entity"
2026-08-05 20:47:03,889 INFO HTTP Request: POST http://testserver/api/v1/explain "HTTP/1.1 422 Unprocessable Entity"
2026-08-05 20:47:24,651 INFO HTTP Request: GET http://testserver/ "HTTP/1.1 200 OK"
2026-08-05 20:47:24,658 INFO HTTP Request: GET http://testserver/api/v1/health "HTTP/1.1 200 OK"
2026-08-05 20:47:24,658 INFO HTTP Request: GET http://testserver/api/v1/health "HTTP/1.1 200 OK"
2026-08-05 20:47:24,663 INFO HTTP Request: GET http://testserver/api/v1/ready "HTTP/1.1 200 OK"
2026-08-05 20:47:24,663 INFO HTTP Request: GET http://testserver/api/v1/ready "HTTP/1.1 200 OK"
2026-08-05 20:47:24,663 INFO HTTP Request: GET http://testserver/api/v1/ready "HTTP/1.1 200 OK"
2026-08-05 20:47:25,864 INFO HTTP Request: POST http://testserver/api/v1/query "HTTP/1.1 200 OK"
2026-08-05 20:47:25,864 INFO HTTP Request: POST http://testserver/api/v1/query "HTTP/1.1 200 OK"
2026-08-05 20:47:25,864 INFO HTTP Request: POST http://testserver/api/v1/query "HTTP/1.1 200 OK"
2026-08-05 20:47:25,864 INFO HTTP Request: POST http://testserver/api/v1/query "HTTP/1.1 200 OK"
2026-08-05 20:47:25,882 INFO HTTP Request: POST http://testserver/api/v1/query "HTTP/1.1 200 OK"
2026-08-05 20:47:25,882 INFO HTTP Request: POST http://testserver/api/v1/query "HTTP/1.1 200 OK"
2026-08-05 20:47:25,882 INFO HTTP Request: POST http://testserver/api/v1/query "HTTP/1.1 200 OK"
2026-08-05 20:47:25,882 INFO HTTP Request: POST http://testserver/api/v1/query "HTTP/1.1 200 OK"
2026-08-05 20:47:25,882 INFO HTTP Request: POST http://testserver/api/v1/query "HTTP/1.1 200 OK"
2026-08-05 20:47:25,893 INFO HTTP Request: POST http://testserver/api/v1/query "HTTP/1.1 422 Unprocessable Entity"
2026-08-05 20:47:25,893 INFO HTTP Request: POST http://testserver/api/v1/query "HTTP/1.1 422 Unprocessable Entity"
2026-08-05 20:47:25,893 INFO HTTP Request: POST http://testserver/api/v1/query "HTTP/1.1 422 Unprocessable Entity"
2026-08-05 20:47:25,893 INFO HTTP Request: POST http://testserver/api/v1/query "HTTP/1.1 422 Unprocessable Entity"
2026-08-05 20:47:25,893 INFO HTTP Request: POST http://testserver/api/v1/query "HTTP/1.1 422 Unprocessable Entity"
2026-08-05 20:47:25,893 INFO HTTP Request: POST http://testserver/api/v1/query "HTTP/1.1 422 Unprocessable Entity"
2026-08-05 20:47:25,902 INFO HTTP Request: POST http://testserver/api/v1/query "HTTP/1.1 422 Unprocessable Entity"
2026-08-05 20:47:25,902 INFO HTTP Request: POST http://testserver/api/v1/query "HTTP/1.1 422 Unprocessable Entity"
2026-08-05 20:47:25,902 INFO HTTP Request: POST http://testserver/api/v1/query "HTTP/1.1 422 Unprocessable Entity"
2026-08-05 20:47:25,902 INFO HTTP Request: POST http://testserver/api/v1/query "HTTP/1.1 422 Unprocessable Entity"
2026-08-05 20:47:25,902 INFO HTTP Request: POST http://testserver/api/v1/query "HTTP/1.1 422 Unprocessable Entity"
2026-08-05 20:47:25,902 INFO HTTP Request: POST http://testserver/api/v1/query "HTTP/1.1 422 Unprocessable Entity"
2026-08-05 20:47:25,902 INFO HTTP Request: POST http://testserver/api/v1/query "HTTP/1.1 422 Unprocessable Entity"
2026-08-05 20:47:25,914 INFO HTTP Request: POST http://testserver/api/v1/explain "HTTP/1.1 200 OK"
2026-08-05 20:47:25,914 INFO HTTP Request: POST http://testserver/api/v1/explain "HTTP/1.1 200 OK"
2026-08-05 20:47:25,914 INFO HTTP Request: POST http://testserver/api/v1/explain "HTTP/1.1 200 OK"
2026-08-05 20:47:25,914 INFO HTTP Request: POST http://testserver/api/v1/explain "HTTP/1.1 200 OK"
2026-08-05 20:47:25,914 INFO HTTP Request: POST http://testserver/api/v1/explain "HTTP/1.1 200 OK"
2026-08-05 20:47:25,914 INFO HTTP Request: POST http://testserver/api/v1/explain "HTTP/1.1 200 OK"
2026-08-05 20:47:25,914 INFO HTTP Request: POST http://testserver/api/v1/explain "HTTP/1.1 200 OK"
2026-08-05 20:47:25,914 INFO HTTP Request: POST http://testserver/api/v1/explain "HTTP/1.1 200 OK"
2026-08-05 20:47:25,935 INFO HTTP Request: POST http://testserver/api/v1/query "HTTP/1.1 200 OK"
2026-08-05 20:47:25,935 INFO HTTP Request: POST http://testserver/api/v1/query "HTTP/1.1 200 OK"
2026-08-05 20:47:25,935 INFO HTTP Request: POST http://testserver/api/v1/query "HTTP/1.1 200 OK"
2026-08-05 20:47:25,935 INFO HTTP Request: POST http://testserver/api/v1/query "HTTP/1.1 200 OK"
2026-08-05 20:47:25,935 INFO HTTP Request: POST http://testserver/api/v1/query "HTTP/1.1 200 OK"
2026-08-05 20:47:25,935 INFO HTTP Request: POST http://testserver/api/v1/query "HTTP/1.1 200 OK"
2026-08-05 20:47:25,935 INFO HTTP Request: POST http://testserver/api/v1/query "HTTP/1.1 200 OK"
2026-08-05 20:47:25,935 INFO HTTP Request: POST http://testserver/api/v1/query "HTTP/1.1 200 OK"
2026-08-05 20:47:25,935 INFO HTTP Request: POST http://testserver/api/v1/query "HTTP/1.1 200 OK"
2026-08-05 20:47:25,937 INFO HTTP Request: GET http://testserver/api/v1/provenance/79575136752b4d83b7bbb3d7b9e30b43 "HTTP/1.1 200 OK"
2026-08-05 20:47:25,937 INFO HTTP Request: GET http://testserver/api/v1/provenance/79575136752b4d83b7bbb3d7b9e30b43 "HTTP/1.1 200 OK"
2026-08-05 20:47:25,937 INFO HTTP Request: GET http://testserver/api/v1/provenance/79575136752b4d83b7bbb3d7b9e30b43 "HTTP/1.1 200 OK"
2026-08-05 20:47:25,937 INFO HTTP Request: GET http://testserver/api/v1/provenance/79575136752b4d83b7bbb3d7b9e30b43 "HTTP/1.1 200 OK"
2026-08-05 20:47:25,937 INFO HTTP Request: GET http://testserver/api/v1/provenance/79575136752b4d83b7bbb3d7b9e30b43 "HTTP/1.1 200 OK"
2026-08-05 20:47:25,937 INFO HTTP Request: GET http://testserver/api/v1/provenance/79575136752b4d83b7bbb3d7b9e30b43 "HTTP/1.1 200 OK"
2026-08-05 20:47:25,937 INFO HTTP Request: GET http://testserver/api/v1/provenance/79575136752b4d83b7bbb3d7b9e30b43 "HTTP/1.1 200 OK"
2026-08-05 20:47:25,937 INFO HTTP Request: GET http://testserver/api/v1/provenance/79575136752b4d83b7bbb3d7b9e30b43 "HTTP/1.1 200 OK"
2026-08-05 20:47:25,937 INFO HTTP Request: GET http://testserver/api/v1/provenance/79575136752b4d83b7bbb3d7b9e30b43 "HTTP/1.1 200 OK"
2026-08-05 20:47:25,949 INFO HTTP Request: GET http://testserver/api/v1/provenance/doesnotexist "HTTP/1.1 404 Not Found"
2026-08-05 20:47:25,949 INFO HTTP Request: GET http://testserver/api/v1/provenance/doesnotexist "HTTP/1.1 404 Not Found"
2026-08-05 20:47:25,949 INFO HTTP Request: GET http://testserver/api/v1/provenance/doesnotexist "HTTP/1.1 404 Not Found"
2026-08-05 20:47:25,949 INFO HTTP Request: GET http://testserver/api/v1/provenance/doesnotexist "HTTP/1.1 404 Not Found"
2026-08-05 20:47:25,949 INFO HTTP Request: GET http://testserver/api/v1/provenance/doesnotexist "HTTP/1.1 404 Not Found"
2026-08-05 20:47:25,949 INFO HTTP Request: GET http://testserver/api/v1/provenance/doesnotexist "HTTP/1.1 404 Not Found"
2026-08-05 20:47:25,949 INFO HTTP Request: GET http://testserver/api/v1/provenance/doesnotexist "HTTP/1.1 404 Not Found"
2026-08-05 20:47:25,949 INFO HTTP Request: GET http://testserver/api/v1/provenance/doesnotexist "HTTP/1.1 404 Not Found"
2026-08-05 20:47:25,949 INFO HTTP Request: GET http://testserver/api/v1/provenance/doesnotexist "HTTP/1.1 404 Not Found"
2026-08-05 20:47:25,949 INFO HTTP Request: GET http://testserver/api/v1/provenance/doesnotexist "HTTP/1.1 404 Not Found"
2026-08-05 20:47:25,958 INFO HTTP Request: POST http://testserver/api/v1/explain "HTTP/1.1 422 Unprocessable Entity"
2026-08-05 20:47:25,958 INFO HTTP Request: POST http://testserver/api/v1/explain "HTTP/1.1 422 Unprocessable Entity"
2026-08-05 20:47:25,958 INFO HTTP Request: POST http://testserver/api/v1/explain "HTTP/1.1 422 Unprocessable Entity"
2026-08-05 20:47:25,958 INFO HTTP Request: POST http://testserver/api/v1/explain "HTTP/1.1 422 Unprocessable Entity"
2026-08-05 20:47:25,958 INFO HTTP Request: POST http://testserver/api/v1/explain "HTTP/1.1 422 Unprocessable Entity"
2026-08-05 20:47:25,958 INFO HTTP Request: POST http://testserver/api/v1/explain "HTTP/1.1 422 Unprocessable Entity"
2026-08-05 20:47:25,958 INFO HTTP Request: POST http://testserver/api/v1/explain "HTTP/1.1 422 Unprocessable Entity"
2026-08-05 20:47:25,958 INFO HTTP Request: POST http://testserver/api/v1/explain "HTTP/1.1 422 Unprocessable Entity"
2026-08-05 20:47:25,958 INFO HTTP Request: POST http://testserver/api/v1/explain "HTTP/1.1 422 Unprocessable Entity"
2026-08-05 20:47:25,958 INFO HTTP Request: POST http://testserver/api/v1/explain "HTTP/1.1 422 Unprocessable Entity"
2026-08-05 20:47:25,958 INFO HTTP Request: POST http://testserver/api/v1/explain "HTTP/1.1 422 Unprocessable Entity"
2026-08-05 20:48:09,827 INFO HTTP Request: GET http://testserver/ "HTTP/1.1 200 OK"
2026-08-05 20:48:09,835 INFO HTTP Request: GET http://testserver/api/v1/health "HTTP/1.1 200 OK"
2026-08-05 20:48:09,835 INFO HTTP Request: GET http://testserver/api/v1/health "HTTP/1.1 200 OK"
2026-08-05 20:48:09,842 INFO HTTP Request: GET http://testserver/api/v1/ready "HTTP/1.1 200 OK"
2026-08-05 20:48:09,842 INFO HTTP Request: GET http://testserver/api/v1/ready "HTTP/1.1 200 OK"
2026-08-05 20:48:09,842 INFO HTTP Request: GET http://testserver/api/v1/ready "HTTP/1.1 200 OK"
2026-08-05 20:48:10,971 INFO HTTP Request: POST http://testserver/api/v1/query "HTTP/1.1 200 OK"
2026-08-05 20:48:10,971 INFO HTTP Request: POST http://testserver/api/v1/query "HTTP/1.1 200 OK"
2026-08-05 20:48:10,971 INFO HTTP Request: POST http://testserver/api/v1/query "HTTP/1.1 200 OK"
2026-08-05 20:48:10,971 INFO HTTP Request: POST http://testserver/api/v1/query "HTTP/1.1 200 OK"
2026-08-05 20:48:10,990 INFO HTTP Request: POST http://testserver/api/v1/query "HTTP/1.1 200 OK"
2026-08-05 20:48:10,990 INFO HTTP Request: POST http://testserver/api/v1/query "HTTP/1.1 200 OK"
2026-08-05 20:48:10,990 INFO HTTP Request: POST http://testserver/api/v1/query "HTTP/1.1 200 OK"
2026-08-05 20:48:10,990 INFO HTTP Request: POST http://testserver/api/v1/query "HTTP/1.1 200 OK"
2026-08-05 20:48:10,990 INFO HTTP Request: POST http://testserver/api/v1/query "HTTP/1.1 200 OK"
2026-08-05 20:48:11,003 INFO HTTP Request: POST http://testserver/api/v1/query "HTTP/1.1 422 Unprocessable Entity"
2026-08-05 20:48:11,003 INFO HTTP Request: POST http://testserver/api/v1/query "HTTP/1.1 422 Unprocessable Entity"
2026-08-05 20:48:11,003 INFO HTTP Request: POST http://testserver/api/v1/query "HTTP/1.1 422 Unprocessable Entity"
2026-08-05 20:48:11,003 INFO HTTP Request: POST http://testserver/api/v1/query "HTTP/1.1 422 Unprocessable Entity"
2026-08-05 20:48:11,003 INFO HTTP Request: POST http://testserver/api/v1/query "HTTP/1.1 422 Unprocessable Entity"
2026-08-05 20:48:11,003 INFO HTTP Request: POST http://testserver/api/v1/query "HTTP/1.1 422 Unprocessable Entity"
2026-08-05 20:48:11,014 INFO HTTP Request: POST http://testserver/api/v1/query "HTTP/1.1 422 Unprocessable Entity"
2026-08-05 20:48:11,014 INFO HTTP Request: POST http://testserver/api/v1/query "HTTP/1.1 422 Unprocessable Entity"
2026-08-05 20:48:11,014 INFO HTTP Request: POST http://testserver/api/v1/query "HTTP/1.1 422 Unprocessable Entity"
2026-08-05 20:48:11,014 INFO HTTP Request: POST http://testserver/api/v1/query "HTTP/1.1 422 Unprocessable Entity"
2026-08-05 20:48:11,014 INFO HTTP Request: POST http://testserver/api/v1/query "HTTP/1.1 422 Unprocessable Entity"
2026-08-05 20:48:11,014 INFO HTTP Request: POST http://testserver/api/v1/query "HTTP/1.1 422 Unprocessable Entity"
2026-08-05 20:48:11,014 INFO HTTP Request: POST http://testserver/api/v1/query "HTTP/1.1 422 Unprocessable Entity"
2026-08-05 20:48:11,030 INFO HTTP Request: POST http://testserver/api/v1/explain "HTTP/1.1 200 OK"
2026-08-05 20:48:11,030 INFO HTTP Request: POST http://testserver/api/v1/explain "HTTP/1.1 200 OK"
2026-08-05 20:48:11,030 INFO HTTP Request: POST http://testserver/api/v1/explain "HTTP/1.1 200 OK"
2026-08-05 20:48:11,030 INFO HTTP Request: POST http://testserver/api/v1/explain "HTTP/1.1 200 OK"
2026-08-05 20:48:11,030 INFO HTTP Request: POST http://testserver/api/v1/explain "HTTP/1.1 200 OK"
2026-08-05 20:48:11,030 INFO HTTP Request: POST http://testserver/api/v1/explain "HTTP/1.1 200 OK"
2026-08-05 20:48:11,030 INFO HTTP Request: POST http://testserver/api/v1/explain "HTTP/1.1 200 OK"
2026-08-05 20:48:11,030 INFO HTTP Request: POST http://testserver/api/v1/explain "HTTP/1.1 200 OK"
2026-08-05 20:48:11,046 INFO HTTP Request: POST http://testserver/api/v1/query "HTTP/1.1 200 OK"
2026-08-05 20:48:11,046 INFO HTTP Request: POST http://testserver/api/v1/query "HTTP/1.1 200 OK"
2026-08-05 20:48:11,046 INFO HTTP Request: POST http://testserver/api/v1/query "HTTP/1.1 200 OK"
2026-08-05 20:48:11,046 INFO HTTP Request: POST http://testserver/api/v1/query "HTTP/1.1 200 OK"
2026-08-05 20:48:11,046 INFO HTTP Request: POST http://testserver/api/v1/query "HTTP/1.1 200 OK"
2026-08-05 20:48:11,046 INFO HTTP Request: POST http://testserver/api/v1/query "HTTP/1.1 200 OK"
2026-08-05 20:48:11,046 INFO HTTP Request: POST http://testserver/api/v1/query "HTTP/1.1 200 OK"
2026-08-05 20:48:11,046 INFO HTTP Request: POST http://testserver/api/v1/query "HTTP/1.1 200 OK"
2026-08-05 20:48:11,046 INFO HTTP Request: POST http://testserver/api/v1/query "HTTP/1.1 200 OK"
2026-08-05 20:48:11,048 INFO HTTP Request: GET http://testserver/api/v1/provenance/9a68b66a49624cacbf62d6ba0986f954 "HTTP/1.1 200 OK"
2026-08-05 20:48:11,048 INFO HTTP Request: GET http://testserver/api/v1/provenance/9a68b66a49624cacbf62d6ba0986f954 "HTTP/1.1 200 OK"
2026-08-05 20:48:11,048 INFO HTTP Request: GET http://testserver/api/v1/provenance/9a68b66a49624cacbf62d6ba0986f954 "HTTP/1.1 200 OK"
2026-08-05 20:48:11,048 INFO HTTP Request: GET http://testserver/api/v1/provenance/9a68b66a49624cacbf62d6ba0986f954 "HTTP/1.1 200 OK"
2026-08-05 20:48:11,048 INFO HTTP Request: GET http://testserver/api/v1/provenance/9a68b66a49624cacbf62d6ba0986f954 "HTTP/1.1 200 OK"
2026-08-05 20:48:11,048 INFO HTTP Request: GET http://testserver/api/v1/provenance/9a68b66a49624cacbf62d6ba0986f954 "HTTP/1.1 200 OK"
2026-08-05 20:48:11,048 INFO HTTP Request: GET http://testserver/api/v1/provenance/9a68b66a49624cacbf62d6ba0986f954 "HTTP/1.1 200 OK"
2026-08-05 20:48:11,048 INFO HTTP Request: GET http://testserver/api/v1/provenance/9a68b66a49624cacbf62d6ba0986f954 "HTTP/1.1 200 OK"
2026-08-05 20:48:11,048 INFO HTTP Request: GET http://testserver/api/v1/provenance/9a68b66a49624cacbf62d6ba0986f954 "HTTP/1.1 200 OK"
2026-08-05 20:48:11,061 INFO HTTP Request: GET http://testserver/api/v1/provenance/doesnotexist "HTTP/1.1 404 Not Found"
2026-08-05 20:48:11,061 INFO HTTP Request: GET http://testserver/api/v1/provenance/doesnotexist "HTTP/1.1 404 Not Found"
2026-08-05 20:48:11,061 INFO HTTP Request: GET http://testserver/api/v1/provenance/doesnotexist "HTTP/1.1 404 Not Found"
2026-08-05 20:48:11,061 INFO HTTP Request: GET http://testserver/api/v1/provenance/doesnotexist "HTTP/1.1 404 Not Found"
2026-08-05 20:48:11,061 INFO HTTP Request: GET http://testserver/api/v1/provenance/doesnotexist "HTTP/1.1 404 Not Found"
2026-08-05 20:48:11,061 INFO HTTP Request: GET http://testserver/api/v1/provenance/doesnotexist "HTTP/1.1 404 Not Found"
2026-08-05 20:48:11,061 INFO HTTP Request: GET http://testserver/api/v1/provenance/doesnotexist "HTTP/1.1 404 Not Found"
2026-08-05 20:48:11,061 INFO HTTP Request: GET http://testserver/api/v1/provenance/doesnotexist "HTTP/1.1 404 Not Found"
2026-08-05 20:48:11,061 INFO HTTP Request: GET http://testserver/api/v1/provenance/doesnotexist "HTTP/1.1 404 Not Found"
2026-08-05 20:48:11,061 INFO HTTP Request: GET http://testserver/api/v1/provenance/doesnotexist "HTTP/1.1 404 Not Found"
2026-08-05 20:48:11,074 INFO HTTP Request: POST http://testserver/api/v1/explain "HTTP/1.1 422 Unprocessable Entity"
2026-08-05 20:48:11,074 INFO HTTP Request: POST http://testserver/api/v1/explain "HTTP/1.1 422 Unprocessable Entity"
2026-08-05 20:48:11,074 INFO HTTP Request: POST http://testserver/api/v1/explain "HTTP/1.1 422 Unprocessable Entity"
2026-08-05 20:48:11,074 INFO HTTP Request: POST http://testserver/api/v1/explain "HTTP/1.1 422 Unprocessable Entity"
2026-08-05 20:48:11,074 INFO HTTP Request: POST http://testserver/api/v1/explain "HTTP/1.1 422 Unprocessable Entity"
2026-08-05 20:48:11,074 INFO HTTP Request: POST http://testserver/api/v1/explain "HTTP/1.1 422 Unprocessable Entity"
2026-08-05 20:48:11,074 INFO HTTP Request: POST http://testserver/api/v1/explain "HTTP/1.1 422 Unprocessable Entity"
2026-08-05 20:48:11,074 INFO HTTP Request: POST http://testserver/api/v1/explain "HTTP/1.1 422 Unprocessable Entity"
2026-08-05 20:48:11,074 INFO HTTP Request: POST http://testserver/api/v1/explain "HTTP/1.1 422 Unprocessable Entity"
2026-08-05 20:48:11,074 INFO HTTP Request: POST http://testserver/api/v1/explain "HTTP/1.1 422 Unprocessable Entity"
2026-08-05 20:48:11,074 INFO HTTP Request: POST http://testserver/api/v1/explain "HTTP/1.1 422 Unprocessable Entity"
2026-08-05 21:22:46,140 INFO HTTP Request: GET http://testserver/ "HTTP/1.1 200 OK"
2026-08-05 21:22:46,149 INFO HTTP Request: GET http://testserver/api/v1/health "HTTP/1.1 200 OK"
2026-08-05 21:22:46,149 INFO HTTP Request: GET http://testserver/api/v1/health "HTTP/1.1 200 OK"
2026-08-05 21:22:46,156 INFO HTTP Request: GET http://testserver/api/v1/ready "HTTP/1.1 200 OK"
2026-08-05 21:22:46,156 INFO HTTP Request: GET http://testserver/api/v1/ready "HTTP/1.1 200 OK"
2026-08-05 21:22:46,156 INFO HTTP Request: GET http://testserver/api/v1/ready "HTTP/1.1 200 OK"
2026-08-05 21:22:47,542 INFO HTTP Request: POST http://testserver/api/v1/query "HTTP/1.1 200 OK"
2026-08-05 21:22:47,542 INFO HTTP Request: POST http://testserver/api/v1/query "HTTP/1.1 200 OK"
2026-08-05 21:22:47,542 INFO HTTP Request: POST http://testserver/api/v1/query "HTTP/1.1 200 OK"
2026-08-05 21:22:47,542 INFO HTTP Request: POST http://testserver/api/v1/query "HTTP/1.1 200 OK"
2026-08-05 21:22:47,557 INFO HTTP Request: POST http://testserver/api/v1/query "HTTP/1.1 200 OK"
2026-08-05 21:22:47,557 INFO HTTP Request: POST http://testserver/api/v1/query "HTTP/1.1 200 OK"
2026-08-05 21:22:47,557 INFO HTTP Request: POST http://testserver/api/v1/query "HTTP/1.1 200 OK"
2026-08-05 21:22:47,557 INFO HTTP Request: POST http://testserver/api/v1/query "HTTP/1.1 200 OK"
2026-08-05 21:22:47,557 INFO HTTP Request: POST http://testserver/api/v1/query "HTTP/1.1 200 OK"
2026-08-05 21:22:47,573 INFO HTTP Request: POST http://testserver/api/v1/query "HTTP/1.1 422 Unprocessable Entity"
2026-08-05 21:22:47,573 INFO HTTP Request: POST http://testserver/api/v1/query "HTTP/1.1 422 Unprocessable Entity"
2026-08-05 21:22:47,573 INFO HTTP Request: POST http://testserver/api/v1/query "HTTP/1.1 422 Unprocessable Entity"
2026-08-05 21:22:47,573 INFO HTTP Request: POST http://testserver/api/v1/query "HTTP/1.1 422 Unprocessable Entity"
2026-08-05 21:22:47,573 INFO HTTP Request: POST http://testserver/api/v1/query "HTTP/1.1 422 Unprocessable Entity"
2026-08-05 21:22:47,573 INFO HTTP Request: POST http://testserver/api/v1/query "HTTP/1.1 422 Unprocessable Entity"
2026-08-05 21:22:47,587 INFO HTTP Request: POST http://testserver/api/v1/query "HTTP/1.1 422 Unprocessable Entity"
2026-08-05 21:22:47,587 INFO HTTP Request: POST http://testserver/api/v1/query "HTTP/1.1 422 Unprocessable Entity"
2026-08-05 21:22:47,587 INFO HTTP Request: POST http://testserver/api/v1/query "HTTP/1.1 422 Unprocessable Entity"
2026-08-05 21:22:47,587 INFO HTTP Request: POST http://testserver/api/v1/query "HTTP/1.1 422 Unprocessable Entity"
2026-08-05 21:22:47,587 INFO HTTP Request: POST http://testserver/api/v1/query "HTTP/1.1 422 Unprocessable Entity"
2026-08-05 21:22:47,587 INFO HTTP Request: POST http://testserver/api/v1/query "HTTP/1.1 422 Unprocessable Entity"
2026-08-05 21:22:47,587 INFO HTTP Request: POST http://testserver/api/v1/query "HTTP/1.1 422 Unprocessable Entity"
2026-08-05 21:22:47,606 INFO HTTP Request: POST http://testserver/api/v1/explain "HTTP/1.1 200 OK"
2026-08-05 21:22:47,606 INFO HTTP Request: POST http://testserver/api/v1/explain "HTTP/1.1 200 OK"
2026-08-05 21:22:47,606 INFO HTTP Request: POST http://testserver/api/v1/explain "HTTP/1.1 200 OK"
2026-08-05 21:22:47,606 INFO HTTP Request: POST http://testserver/api/v1/explain "HTTP/1.1 200 OK"
2026-08-05 21:22:47,606 INFO HTTP Request: POST http://testserver/api/v1/explain "HTTP/1.1 200 OK"
2026-08-05 21:22:47,606 INFO HTTP Request: POST http://testserver/api/v1/explain "HTTP/1.1 200 OK"
2026-08-05 21:22:47,606 INFO HTTP Request: POST http://testserver/api/v1/explain "HTTP/1.1 200 OK"
2026-08-05 21:22:47,606 INFO HTTP Request: POST http://testserver/api/v1/explain "HTTP/1.1 200 OK"
2026-08-05 21:22:47,626 INFO HTTP Request: POST http://testserver/api/v1/query "HTTP/1.1 200 OK"
2026-08-05 21:22:47,626 INFO HTTP Request: POST http://testserver/api/v1/query "HTTP/1.1 200 OK"
2026-08-05 21:22:47,626 INFO HTTP Request: POST http://testserver/api/v1/query "HTTP/1.1 200 OK"
2026-08-05 21:22:47,626 INFO HTTP Request: POST http://testserver/api/v1/query "HTTP/1.1 200 OK"
2026-08-05 21:22:47,626 INFO HTTP Request: POST http://testserver/api/v1/query "HTTP/1.1 200 OK"
2026-08-05 21:22:47,626 INFO HTTP Request: POST http://testserver/api/v1/query "HTTP/1.1 200 OK"
2026-08-05 21:22:47,626 INFO HTTP Request: POST http://testserver/api/v1/query "HTTP/1.1 200 OK"
2026-08-05 21:22:47,626 INFO HTTP Request: POST http://testserver/api/v1/query "HTTP/1.1 200 OK"
2026-08-05 21:22:47,626 INFO HTTP Request: POST http://testserver/api/v1/query "HTTP/1.1 200 OK"
2026-08-05 21:22:47,630 INFO HTTP Request: GET http://testserver/api/v1/provenance/c5fac443626741bc9582eac639f2f849 "HTTP/1.1 200 OK"
2026-08-05 21:22:47,630 INFO HTTP Request: GET http://testserver/api/v1/provenance/c5fac443626741bc9582eac639f2f849 "HTTP/1.1 200 OK"
2026-08-05 21:22:47,630 INFO HTTP Request: GET http://testserver/api/v1/provenance/c5fac443626741bc9582eac639f2f849 "HTTP/1.1 200 OK"
2026-08-05 21:22:47,630 INFO HTTP Request: GET http://testserver/api/v1/provenance/c5fac443626741bc9582eac639f2f849 "HTTP/1.1 200 OK"
2026-08-05 21:22:47,630 INFO HTTP Request: GET http://testserver/api/v1/provenance/c5fac443626741bc9582eac639f2f849 "HTTP/1.1 200 OK"
2026-08-05 21:22:47,630 INFO HTTP Request: GET http://testserver/api/v1/provenance/c5fac443626741bc9582eac639f2f849 "HTTP/1.1 200 OK"
2026-08-05 21:22:47,630 INFO HTTP Request: GET http://testserver/api/v1/provenance/c5fac443626741bc9582eac639f2f849 "HTTP/1.1 200 OK"
2026-08-05 21:22:47,630 INFO HTTP Request: GET http://testserver/api/v1/provenance/c5fac443626741bc9582eac639f2f849 "HTTP/1.1 200 OK"
2026-08-05 21:22:47,630 INFO HTTP Request: GET http://testserver/api/v1/provenance/c5fac443626741bc9582eac639f2f849 "HTTP/1.1 200 OK"
2026-08-05 21:22:47,644 INFO HTTP Request: GET http://testserver/api/v1/provenance/doesnotexist "HTTP/1.1 404 Not Found"
2026-08-05 21:22:47,644 INFO HTTP Request: GET http://testserver/api/v1/provenance/doesnotexist "HTTP/1.1 404 Not Found"
2026-08-05 21:22:47,644 INFO HTTP Request: GET http://testserver/api/v1/provenance/doesnotexist "HTTP/1.1 404 Not Found"
2026-08-05 21:22:47,644 INFO HTTP Request: GET http://testserver/api/v1/provenance/doesnotexist "HTTP/1.1 404 Not Found"
2026-08-05 21:22:47,644 INFO HTTP Request: GET http://testserver/api/v1/provenance/doesnotexist "HTTP/1.1 404 Not Found"
2026-08-05 21:22:47,644 INFO HTTP Request: GET http://testserver/api/v1/provenance/doesnotexist "HTTP/1.1 404 Not Found"
2026-08-05 21:22:47,644 INFO HTTP Request: GET http://testserver/api/v1/provenance/doesnotexist "HTTP/1.1 404 Not Found"
2026-08-05 21:22:47,644 INFO HTTP Request: GET http://testserver/api/v1/provenance/doesnotexist "HTTP/1.1 404 Not Found"
2026-08-05 21:22:47,644 INFO HTTP Request: GET http://testserver/api/v1/provenance/doesnotexist "HTTP/1.1 404 Not Found"
2026-08-05 21:22:47,644 INFO HTTP Request: GET http://testserver/api/v1/provenance/doesnotexist "HTTP/1.1 404 Not Found"
2026-08-05 21:22:47,655 INFO HTTP Request: POST http://testserver/api/v1/explain "HTTP/1.1 422 Unprocessable Entity"
2026-08-05 21:22:47,655 INFO HTTP Request: POST http://testserver/api/v1/explain "HTTP/1.1 422 Unprocessable Entity"
2026-08-05 21:22:47,655 INFO HTTP Request: POST http://testserver/api/v1/explain "HTTP/1.1 422 Unprocessable Entity"
2026-08-05 21:22:47,655 INFO HTTP Request: POST http://testserver/api/v1/explain "HTTP/1.1 422 Unprocessable Entity"
2026-08-05 21:22:47,655 INFO HTTP Request: POST http://testserver/api/v1/explain "HTTP/1.1 422 Unprocessable Entity"
2026-08-05 21:22:47,655 INFO HTTP Request: POST http://testserver/api/v1/explain "HTTP/1.1 422 Unprocessable Entity"
2026-08-05 21:22:47,655 INFO HTTP Request: POST http://testserver/api/v1/explain "HTTP/1.1 422 Unprocessable Entity"
2026-08-05 21:22:47,655 INFO HTTP Request: POST http://testserver/api/v1/explain "HTTP/1.1 422 Unprocessable Entity"
2026-08-05 21:22:47,655 INFO HTTP Request: POST http://testserver/api/v1/explain "HTTP/1.1 422 Unprocessable Entity"
2026-08-05 21:22:47,655 INFO HTTP Request: POST http://testserver/api/v1/explain "HTTP/1.1 422 Unprocessable Entity"
2026-08-05 21:22:47,655 INFO HTTP Request: POST http://testserver/api/v1/explain "HTTP/1.1 422 Unprocessable Entity"
2026-08-05 21:46:20,498 INFO [httpx2] HTTP Request: GET http://testserver/ "HTTP/1.1 200 OK"
2026-08-05 21:46:20,509 INFO [httpx2] HTTP Request: GET http://testserver/api/v1/health "HTTP/1.1 200 OK"
2026-08-05 21:46:20,509 INFO [httpx2] HTTP Request: GET http://testserver/api/v1/health "HTTP/1.1 200 OK"
2026-08-05 21:46:20,517 INFO [httpx2] HTTP Request: GET http://testserver/api/v1/ready "HTTP/1.1 200 OK"
2026-08-05 21:46:20,517 INFO [httpx2] HTTP Request: GET http://testserver/api/v1/ready "HTTP/1.1 200 OK"
2026-08-05 21:46:20,517 INFO [httpx2] HTTP Request: GET http://testserver/api/v1/ready "HTTP/1.1 200 OK"
2026-08-05 21:46:20,538 INFO [httpx2] HTTP Request: POST http://testserver/api/v1/query "HTTP/1.1 200 OK"
2026-08-05 21:46:20,538 INFO [httpx2] HTTP Request: POST http://testserver/api/v1/query "HTTP/1.1 200 OK"
2026-08-05 21:46:20,538 INFO [httpx2] HTTP Request: POST http://testserver/api/v1/query "HTTP/1.1 200 OK"
2026-08-05 21:46:20,538 INFO [httpx2] HTTP Request: POST http://testserver/api/v1/query "HTTP/1.1 200 OK"
2026-08-05 21:46:20,556 INFO [httpx2] HTTP Request: POST http://testserver/api/v1/query "HTTP/1.1 200 OK"
2026-08-05 21:46:20,556 INFO [httpx2] HTTP Request: POST http://testserver/api/v1/query "HTTP/1.1 200 OK"
2026-08-05 21:46:20,556 INFO [httpx2] HTTP Request: POST http://testserver/api/v1/query "HTTP/1.1 200 OK"
2026-08-05 21:46:20,556 INFO [httpx2] HTTP Request: POST http://testserver/api/v1/query "HTTP/1.1 200 OK"
2026-08-05 21:46:20,556 INFO [httpx2] HTTP Request: POST http://testserver/api/v1/query "HTTP/1.1 200 OK"
2026-08-05 21:46:20,570 INFO [httpx2] HTTP Request: POST http://testserver/api/v1/query "HTTP/1.1 422 Unprocessable Entity"
2026-08-05 21:46:20,570 INFO [httpx2] HTTP Request: POST http://testserver/api/v1/query "HTTP/1.1 422 Unprocessable Entity"
2026-08-05 21:46:20,570 INFO [httpx2] HTTP Request: POST http://testserver/api/v1/query "HTTP/1.1 422 Unprocessable Entity"
2026-08-05 21:46:20,570 INFO [httpx2] HTTP Request: POST http://testserver/api/v1/query "HTTP/1.1 422 Unprocessable Entity"
2026-08-05 21:46:20,570 INFO [httpx2] HTTP Request: POST http://testserver/api/v1/query "HTTP/1.1 422 Unprocessable Entity"
2026-08-05 21:46:20,570 INFO [httpx2] HTTP Request: POST http://testserver/api/v1/query "HTTP/1.1 422 Unprocessable Entity"
2026-08-05 21:46:20,587 INFO [httpx2] HTTP Request: POST http://testserver/api/v1/query "HTTP/1.1 422 Unprocessable Entity"
2026-08-05 21:46:20,587 INFO [httpx2] HTTP Request: POST http://testserver/api/v1/query "HTTP/1.1 422 Unprocessable Entity"
2026-08-05 21:46:20,587 INFO [httpx2] HTTP Request: POST http://testserver/api/v1/query "HTTP/1.1 422 Unprocessable Entity"
2026-08-05 21:46:20,587 INFO [httpx2] HTTP Request: POST http://testserver/api/v1/query "HTTP/1.1 422 Unprocessable Entity"
2026-08-05 21:46:20,587 INFO [httpx2] HTTP Request: POST http://testserver/api/v1/query "HTTP/1.1 422 Unprocessable Entity"
2026-08-05 21:46:20,587 INFO [httpx2] HTTP Request: POST http://testserver/api/v1/query "HTTP/1.1 422 Unprocessable Entity"
2026-08-05 21:46:20,587 INFO [httpx2] HTTP Request: POST http://testserver/api/v1/query "HTTP/1.1 422 Unprocessable Entity"
2026-08-05 21:46:20,602 INFO [httpx2] HTTP Request: POST http://testserver/api/v1/explain "HTTP/1.1 200 OK"
2026-08-05 21:46:20,602 INFO [httpx2] HTTP Request: POST http://testserver/api/v1/explain "HTTP/1.1 200 OK"
2026-08-05 21:46:20,602 INFO [httpx2] HTTP Request: POST http://testserver/api/v1/explain "HTTP/1.1 200 OK"
2026-08-05 21:46:20,602 INFO [httpx2] HTTP Request: POST http://testserver/api/v1/explain "HTTP/1.1 200 OK"
2026-08-05 21:46:20,602 INFO [httpx2] HTTP Request: POST http://testserver/api/v1/explain "HTTP/1.1 200 OK"
2026-08-05 21:46:20,602 INFO [httpx2] HTTP Request: POST http://testserver/api/v1/explain "HTTP/1.1 200 OK"
2026-08-05 21:46:20,602 INFO [httpx2] HTTP Request: POST http://testserver/api/v1/explain "HTTP/1.1 200 OK"
2026-08-05 21:46:20,602 INFO [httpx2] HTTP Request: POST http://testserver/api/v1/explain "HTTP/1.1 200 OK"
2026-08-05 21:46:20,618 INFO [httpx2] HTTP Request: POST http://testserver/api/v1/query "HTTP/1.1 200 OK"
2026-08-05 21:46:20,618 INFO [httpx2] HTTP Request: POST http://testserver/api/v1/query "HTTP/1.1 200 OK"
2026-08-05 21:46:20,618 INFO [httpx2] HTTP Request: POST http://testserver/api/v1/query "HTTP/1.1 200 OK"
2026-08-05 21:46:20,618 INFO [httpx2] HTTP Request: POST http://testserver/api/v1/query "HTTP/1.1 200 OK"
2026-08-05 21:46:20,618 INFO [httpx2] HTTP Request: POST http://testserver/api/v1/query "HTTP/1.1 200 OK"
2026-08-05 21:46:20,618 INFO [httpx2] HTTP Request: POST http://testserver/api/v1/query "HTTP/1.1 200 OK"
2026-08-05 21:46:20,618 INFO [httpx2] HTTP Request: POST http://testserver/api/v1/query "HTTP/1.1 200 OK"
2026-08-05 21:46:20,618 INFO [httpx2] HTTP Request: POST http://testserver/api/v1/query "HTTP/1.1 200 OK"
2026-08-05 21:46:20,618 INFO [httpx2] HTTP Request: POST http://testserver/api/v1/query "HTTP/1.1 200 OK"
2026-08-05 21:46:20,620 INFO [httpx2] HTTP Request: GET http://testserver/api/v1/provenance/e31fc1142a5742028291034a681c4ff4 "HTTP/1.1 200 OK"
2026-08-05 21:46:20,620 INFO [httpx2] HTTP Request: GET http://testserver/api/v1/provenance/e31fc1142a5742028291034a681c4ff4 "HTTP/1.1 200 OK"
2026-08-05 21:46:20,620 INFO [httpx2] HTTP Request: GET http://testserver/api/v1/provenance/e31fc1142a5742028291034a681c4ff4 "HTTP/1.1 200 OK"
2026-08-05 21:46:20,620 INFO [httpx2] HTTP Request: GET http://testserver/api/v1/provenance/e31fc1142a5742028291034a681c4ff4 "HTTP/1.1 200 OK"
2026-08-05 21:46:20,620 INFO [httpx2] HTTP Request: GET http://testserver/api/v1/provenance/e31fc1142a5742028291034a681c4ff4 "HTTP/1.1 200 OK"
2026-08-05 21:46:20,620 INFO [httpx2] HTTP Request: GET http://testserver/api/v1/provenance/e31fc1142a5742028291034a681c4ff4 "HTTP/1.1 200 OK"
2026-08-05 21:46:20,620 INFO [httpx2] HTTP Request: GET http://testserver/api/v1/provenance/e31fc1142a5742028291034a681c4ff4 "HTTP/1.1 200 OK"
2026-08-05 21:46:20,620 INFO [httpx2] HTTP Request: GET http://testserver/api/v1/provenance/e31fc1142a5742028291034a681c4ff4 "HTTP/1.1 200 OK"
2026-08-05 21:46:20,620 INFO [httpx2] HTTP Request: GET http://testserver/api/v1/provenance/e31fc1142a5742028291034a681c4ff4 "HTTP/1.1 200 OK"
2026-08-05 21:46:20,634 INFO [httpx2] HTTP Request: GET http://testserver/api/v1/provenance/doesnotexist "HTTP/1.1 404 Not Found"
2026-08-05 21:46:20,634 INFO [httpx2] HTTP Request: GET http://testserver/api/v1/provenance/doesnotexist "HTTP/1.1 404 Not Found"
2026-08-05 21:46:20,634 INFO [httpx2] HTTP Request: GET http://testserver/api/v1/provenance/doesnotexist "HTTP/1.1 404 Not Found"
2026-08-05 21:46:20,634 INFO [httpx2] HTTP Request: GET http://testserver/api/v1/provenance/doesnotexist "HTTP/1.1 404 Not Found"
2026-08-05 21:46:20,634 INFO [httpx2] HTTP Request: GET http://testserver/api/v1/provenance/doesnotexist "HTTP/1.1 404 Not Found"
2026-08-05 21:46:20,634 INFO [httpx2] HTTP Request: GET http://testserver/api/v1/provenance/doesnotexist "HTTP/1.1 404 Not Found"
2026-08-05 21:46:20,634 INFO [httpx2] HTTP Request: GET http://testserver/api/v1/provenance/doesnotexist "HTTP/1.1 404 Not Found"
2026-08-05 21:46:20,634 INFO [httpx2] HTTP Request: GET http://testserver/api/v1/provenance/doesnotexist "HTTP/1.1 404 Not Found"
2026-08-05 21:46:20,634 INFO [httpx2] HTTP Request: GET http://testserver/api/v1/provenance/doesnotexist "HTTP/1.1 404 Not Found"
2026-08-05 21:46:20,634 INFO [httpx2] HTTP Request: GET http://testserver/api/v1/provenance/doesnotexist "HTTP/1.1 404 Not Found"
2026-08-05 21:46:20,649 INFO [httpx2] HTTP Request: POST http://testserver/api/v1/explain "HTTP/1.1 422 Unprocessable Entity"
2026-08-05 21:46:20,649 INFO [httpx2] HTTP Request: POST http://testserver/api/v1/explain "HTTP/1.1 422 Unprocessable Entity"
2026-08-05 21:46:20,649 INFO [httpx2] HTTP Request: POST http://testserver/api/v1/explain "HTTP/1.1 422 Unprocessable Entity"
2026-08-05 21:46:20,649 INFO [httpx2] HTTP Request: POST http://testserver/api/v1/explain "HTTP/1.1 422 Unprocessable Entity"
2026-08-05 21:46:20,649 INFO [httpx2] HTTP Request: POST http://testserver/api/v1/explain "HTTP/1.1 422 Unprocessable Entity"
2026-08-05 21:46:20,649 INFO [httpx2] HTTP Request: POST http://testserver/api/v1/explain "HTTP/1.1 422 Unprocessable Entity"
2026-08-05 21:46:20,649 INFO [httpx2] HTTP Request: POST http://testserver/api/v1/explain "HTTP/1.1 422 Unprocessable Entity"
2026-08-05 21:46:20,649 INFO [httpx2] HTTP Request: POST http://testserver/api/v1/explain "HTTP/1.1 422 Unprocessable Entity"
2026-08-05 21:46:20,649 INFO [httpx2] HTTP Request: POST http://testserver/api/v1/explain "HTTP/1.1 422 Unprocessable Entity"
2026-08-05 21:46:20,649 INFO [httpx2] HTTP Request: POST http://testserver/api/v1/explain "HTTP/1.1 422 Unprocessable Entity"
2026-08-05 21:46:20,649 INFO [httpx2] HTTP Request: POST http://testserver/api/v1/explain "HTTP/1.1 422 Unprocessable Entity"
2026-08-05 21:46:26,278 INFO [httpx2] HTTP Request: GET http://testserver/ "HTTP/1.1 200 OK"
2026-08-05 21:46:26,288 INFO [httpx2] HTTP Request: GET http://testserver/api/v1/health "HTTP/1.1 200 OK"
2026-08-05 21:46:26,288 INFO [httpx2] HTTP Request: GET http://testserver/api/v1/health "HTTP/1.1 200 OK"
2026-08-05 21:46:26,295 INFO [httpx2] HTTP Request: GET http://testserver/api/v1/ready "HTTP/1.1 200 OK"
2026-08-05 21:46:26,295 INFO [httpx2] HTTP Request: GET http://testserver/api/v1/ready "HTTP/1.1 200 OK"
2026-08-05 21:46:26,295 INFO [httpx2] HTTP Request: GET http://testserver/api/v1/ready "HTTP/1.1 200 OK"
2026-08-05 21:46:27,437 INFO [httpx2] HTTP Request: POST http://testserver/api/v1/query "HTTP/1.1 200 OK"
2026-08-05 21:46:27,437 INFO [httpx2] HTTP Request: POST http://testserver/api/v1/query "HTTP/1.1 200 OK"
2026-08-05 21:46:27,437 INFO [httpx2] HTTP Request: POST http://testserver/api/v1/query "HTTP/1.1 200 OK"
2026-08-05 21:46:27,437 INFO [httpx2] HTTP Request: POST http://testserver/api/v1/query "HTTP/1.1 200 OK"
2026-08-05 21:46:27,454 INFO [httpx2] HTTP Request: POST http://testserver/api/v1/query "HTTP/1.1 200 OK"
2026-08-05 21:46:27,454 INFO [httpx2] HTTP Request: POST http://testserver/api/v1/query "HTTP/1.1 200 OK"
2026-08-05 21:46:27,454 INFO [httpx2] HTTP Request: POST http://testserver/api/v1/query "HTTP/1.1 200 OK"
2026-08-05 21:46:27,454 INFO [httpx2] HTTP Request: POST http://testserver/api/v1/query "HTTP/1.1 200 OK"
2026-08-05 21:46:27,454 INFO [httpx2] HTTP Request: POST http://testserver/api/v1/query "HTTP/1.1 200 OK"
2026-08-05 21:46:27,465 INFO [httpx2] HTTP Request: POST http://testserver/api/v1/query "HTTP/1.1 422 Unprocessable Entity"
2026-08-05 21:46:27,465 INFO [httpx2] HTTP Request: POST http://testserver/api/v1/query "HTTP/1.1 422 Unprocessable Entity"
2026-08-05 21:46:27,465 INFO [httpx2] HTTP Request: POST http://testserver/api/v1/query "HTTP/1.1 422 Unprocessable Entity"
2026-08-05 21:46:27,465 INFO [httpx2] HTTP Request: POST http://testserver/api/v1/query "HTTP/1.1 422 Unprocessable Entity"
2026-08-05 21:46:27,465 INFO [httpx2] HTTP Request: POST http://testserver/api/v1/query "HTTP/1.1 422 Unprocessable Entity"
2026-08-05 21:46:27,465 INFO [httpx2] HTTP Request: POST http://testserver/api/v1/query "HTTP/1.1 422 Unprocessable Entity"
2026-08-05 21:46:27,481 INFO [httpx2] HTTP Request: POST http://testserver/api/v1/query "HTTP/1.1 422 Unprocessable Entity"
2026-08-05 21:46:27,481 INFO [httpx2] HTTP Request: POST http://testserver/api/v1/query "HTTP/1.1 422 Unprocessable Entity"
2026-08-05 21:46:27,481 INFO [httpx2] HTTP Request: POST http://testserver/api/v1/query "HTTP/1.1 422 Unprocessable Entity"
2026-08-05 21:46:27,481 INFO [httpx2] HTTP Request: POST http://testserver/api/v1/query "HTTP/1.1 422 Unprocessable Entity"
2026-08-05 21:46:27,481 INFO [httpx2] HTTP Request: POST http://testserver/api/v1/query "HTTP/1.1 422 Unprocessable Entity"
2026-08-05 21:46:27,481 INFO [httpx2] HTTP Request: POST http://testserver/api/v1/query "HTTP/1.1 422 Unprocessable Entity"
2026-08-05 21:46:27,481 INFO [httpx2] HTTP Request: POST http://testserver/api/v1/query "HTTP/1.1 422 Unprocessable Entity"
2026-08-05 21:46:27,496 INFO [httpx2] HTTP Request: POST http://testserver/api/v1/explain "HTTP/1.1 200 OK"
2026-08-05 21:46:27,496 INFO [httpx2] HTTP Request: POST http://testserver/api/v1/explain "HTTP/1.1 200 OK"
2026-08-05 21:46:27,496 INFO [httpx2] HTTP Request: POST http://testserver/api/v1/explain "HTTP/1.1 200 OK"
2026-08-05 21:46:27,496 INFO [httpx2] HTTP Request: POST http://testserver/api/v1/explain "HTTP/1.1 200 OK"
2026-08-05 21:46:27,496 INFO [httpx2] HTTP Request: POST http://testserver/api/v1/explain "HTTP/1.1 200 OK"
2026-08-05 21:46:27,496 INFO [httpx2] HTTP Request: POST http://testserver/api/v1/explain "HTTP/1.1 200 OK"
2026-08-05 21:46:27,496 INFO [httpx2] HTTP Request: POST http://testserver/api/v1/explain "HTTP/1.1 200 OK"
2026-08-05 21:46:27,496 INFO [httpx2] HTTP Request: POST http://testserver/api/v1/explain "HTTP/1.1 200 OK"
2026-08-05 21:46:27,512 INFO [httpx2] HTTP Request: POST http://testserver/api/v1/query "HTTP/1.1 200 OK"
2026-08-05 21:46:27,512 INFO [httpx2] HTTP Request: POST http://testserver/api/v1/query "HTTP/1.1 200 OK"
2026-08-05 21:46:27,512 INFO [httpx2] HTTP Request: POST http://testserver/api/v1/query "HTTP/1.1 200 OK"
2026-08-05 21:46:27,512 INFO [httpx2] HTTP Request: POST http://testserver/api/v1/query "HTTP/1.1 200 OK"
2026-08-05 21:46:27,512 INFO [httpx2] HTTP Request: POST http://testserver/api/v1/query "HTTP/1.1 200 OK"
2026-08-05 21:46:27,512 INFO [httpx2] HTTP Request: POST http://testserver/api/v1/query "HTTP/1.1 200 OK"
2026-08-05 21:46:27,512 INFO [httpx2] HTTP Request: POST http://testserver/api/v1/query "HTTP/1.1 200 OK"
2026-08-05 21:46:27,512 INFO [httpx2] HTTP Request: POST http://testserver/api/v1/query "HTTP/1.1 200 OK"
2026-08-05 21:46:27,512 INFO [httpx2] HTTP Request: POST http://testserver/api/v1/query "HTTP/1.1 200 OK"
2026-08-05 21:46:27,514 INFO [httpx2] HTTP Request: GET http://testserver/api/v1/provenance/5751587b2b294e46a90ff9f88a23d806 "HTTP/1.1 200 OK"
2026-08-05 21:46:27,514 INFO [httpx2] HTTP Request: GET http://testserver/api/v1/provenance/5751587b2b294e46a90ff9f88a23d806 "HTTP/1.1 200 OK"
2026-08-05 21:46:27,514 INFO [httpx2] HTTP Request: GET http://testserver/api/v1/provenance/5751587b2b294e46a90ff9f88a23d806 "HTTP/1.1 200 OK"
2026-08-05 21:46:27,514 INFO [httpx2] HTTP Request: GET http://testserver/api/v1/provenance/5751587b2b294e46a90ff9f88a23d806 "HTTP/1.1 200 OK"
2026-08-05 21:46:27,514 INFO [httpx2] HTTP Request: GET http://testserver/api/v1/provenance/5751587b2b294e46a90ff9f88a23d806 "HTTP/1.1 200 OK"
2026-08-05 21:46:27,514 INFO [httpx2] HTTP Request: GET http://testserver/api/v1/provenance/5751587b2b294e46a90ff9f88a23d806 "HTTP/1.1 200 OK"
2026-08-05 21:46:27,514 INFO [httpx2] HTTP Request: GET http://testserver/api/v1/provenance/5751587b2b294e46a90ff9f88a23d806 "HTTP/1.1 200 OK"
2026-08-05 21:46:27,514 INFO [httpx2] HTTP Request: GET http://testserver/api/v1/provenance/5751587b2b294e46a90ff9f88a23d806 "HTTP/1.1 200 OK"
2026-08-05 21:46:27,514 INFO [httpx2] HTTP Request: GET http://testserver/api/v1/provenance/5751587b2b294e46a90ff9f88a23d806 "HTTP/1.1 200 OK"
2026-08-05 21:46:27,524 INFO [httpx2] HTTP Request: GET http://testserver/api/v1/provenance/doesnotexist "HTTP/1.1 404 Not Found"
2026-08-05 21:46:27,524 INFO [httpx2] HTTP Request: GET http://testserver/api/v1/provenance/doesnotexist "HTTP/1.1 404 Not Found"
2026-08-05 21:46:27,524 INFO [httpx2] HTTP Request: GET http://testserver/api/v1/provenance/doesnotexist "HTTP/1.1 404 Not Found"
2026-08-05 21:46:27,524 INFO [httpx2] HTTP Request: GET http://testserver/api/v1/provenance/doesnotexist "HTTP/1.1 404 Not Found"
2026-08-05 21:46:27,524 INFO [httpx2] HTTP Request: GET http://testserver/api/v1/provenance/doesnotexist "HTTP/1.1 404 Not Found"
2026-08-05 21:46:27,524 INFO [httpx2] HTTP Request: GET http://testserver/api/v1/provenance/doesnotexist "HTTP/1.1 404 Not Found"
2026-08-05 21:46:27,524 INFO [httpx2] HTTP Request: GET http://testserver/api/v1/provenance/doesnotexist "HTTP/1.1 404 Not Found"
2026-08-05 21:46:27,524 INFO [httpx2] HTTP Request: GET http://testserver/api/v1/provenance/doesnotexist "HTTP/1.1 404 Not Found"
2026-08-05 21:46:27,524 INFO [httpx2] HTTP Request: GET http://testserver/api/v1/provenance/doesnotexist "HTTP/1.1 404 Not Found"
2026-08-05 21:46:27,524 INFO [httpx2] HTTP Request: GET http://testserver/api/v1/provenance/doesnotexist "HTTP/1.1 404 Not Found"
2026-08-05 21:46:27,536 INFO [httpx2] HTTP Request: POST http://testserver/api/v1/explain "HTTP/1.1 422 Unprocessable Entity"
2026-08-05 21:46:27,536 INFO [httpx2] HTTP Request: POST http://testserver/api/v1/explain "HTTP/1.1 422 Unprocessable Entity"
2026-08-05 21:46:27,536 INFO [httpx2] HTTP Request: POST http://testserver/api/v1/explain "HTTP/1.1 422 Unprocessable Entity"
2026-08-05 21:46:27,536 INFO [httpx2] HTTP Request: POST http://testserver/api/v1/explain "HTTP/1.1 422 Unprocessable Entity"
2026-08-05 21:46:27,536 INFO [httpx2] HTTP Request: POST http://testserver/api/v1/explain "HTTP/1.1 422 Unprocessable Entity"
2026-08-05 21:46:27,536 INFO [httpx2] HTTP Request: POST http://testserver/api/v1/explain "HTTP/1.1 422 Unprocessable Entity"
2026-08-05 21:46:27,536 INFO [httpx2] HTTP Request: POST http://testserver/api/v1/explain "HTTP/1.1 422 Unprocessable Entity"
2026-08-05 21:46:27,536 INFO [httpx2] HTTP Request: POST http://testserver/api/v1/explain "HTTP/1.1 422 Unprocessable Entity"
2026-08-05 21:46:27,536 INFO [httpx2] HTTP Request: POST http://testserver/api/v1/explain "HTTP/1.1 422 Unprocessable Entity"
2026-08-05 21:46:27,536 INFO [httpx2] HTTP Request: POST http://testserver/api/v1/explain "HTTP/1.1 422 Unprocessable Entity"
2026-08-05 21:46:27,536 INFO [httpx2] HTTP Request: POST http://testserver/api/v1/explain "HTTP/1.1 422 Unprocessable Entity"
2026-08-05 21:47:13,639 INFO [httpx2] HTTP Request: GET http://testserver/ "HTTP/1.1 200 OK"
2026-08-05 21:47:13,646 INFO [httpx2] HTTP Request: GET http://testserver/api/v1/health "HTTP/1.1 200 OK"
2026-08-05 21:47:13,646 INFO [httpx2] HTTP Request: GET http://testserver/api/v1/health "HTTP/1.1 200 OK"
2026-08-05 21:47:13,653 INFO [httpx2] HTTP Request: GET http://testserver/api/v1/ready "HTTP/1.1 200 OK"
2026-08-05 21:47:13,653 INFO [httpx2] HTTP Request: GET http://testserver/api/v1/ready "HTTP/1.1 200 OK"
2026-08-05 21:47:13,653 INFO [httpx2] HTTP Request: GET http://testserver/api/v1/ready "HTTP/1.1 200 OK"
2026-08-05 21:51:25,390 INFO [httpx2] HTTP Request: GET http://testserver/api/v1/live "HTTP/1.1 200 OK"
2026-08-05 21:51:25,397 INFO [httpx2] HTTP Request: GET http://testserver/api/v1/check/llm "HTTP/1.1 200 OK"
2026-08-05 21:51:25,397 INFO [httpx2] HTTP Request: GET http://testserver/api/v1/check/llm "HTTP/1.1 200 OK"
2026-08-05 21:51:31,637 INFO [httpx2] HTTP Request: GET http://testserver/api/v1/check/database "HTTP/1.1 200 OK"
2026-08-05 21:51:31,637 INFO [httpx2] HTTP Request: GET http://testserver/api/v1/check/database "HTTP/1.1 200 OK"
2026-08-05 21:51:31,637 INFO [httpx2] HTTP Request: GET http://testserver/api/v1/check/database "HTTP/1.1 200 OK"
2026-08-05 21:51:35,929 INFO [httpx2] HTTP Request: GET http://testserver/api/v1/check/vector "HTTP/1.1 200 OK"
2026-08-05 21:51:35,929 INFO [httpx2] HTTP Request: GET http://testserver/api/v1/check/vector "HTTP/1.1 200 OK"
2026-08-05 21:51:35,929 INFO [httpx2] HTTP Request: GET http://testserver/api/v1/check/vector "HTTP/1.1 200 OK"
2026-08-05 21:51:35,929 INFO [httpx2] HTTP Request: GET http://testserver/api/v1/check/vector "HTTP/1.1 200 OK"
2026-08-05 21:51:39,958 INFO [httpx2] HTTP Request: GET http://testserver/api/v1/check/database "HTTP/1.1 200 OK"
2026-08-05 21:51:39,958 INFO [httpx2] HTTP Request: GET http://testserver/api/v1/check/database "HTTP/1.1 200 OK"
2026-08-05 21:51:39,958 INFO [httpx2] HTTP Request: GET http://testserver/api/v1/check/database "HTTP/1.1 200 OK"
2026-08-05 21:51:39,958 INFO [httpx2] HTTP Request: GET http://testserver/api/v1/check/database "HTTP/1.1 200 OK"
2026-08-05 21:51:39,958 INFO [httpx2] HTTP Request: GET http://testserver/api/v1/check/database "HTTP/1.1 200 OK"
2026-08-05 21:51:44,235 INFO [httpx2] HTTP Request: GET http://testserver/api/v1/check/vector "HTTP/1.1 200 OK"
2026-08-05 21:51:44,235 INFO [httpx2] HTTP Request: GET http://testserver/api/v1/check/vector "HTTP/1.1 200 OK"
2026-08-05 21:51:44,235 INFO [httpx2] HTTP Request: GET http://testserver/api/v1/check/vector "HTTP/1.1 200 OK"
2026-08-05 21:51:44,235 INFO [httpx2] HTTP Request: GET http://testserver/api/v1/check/vector "HTTP/1.1 200 OK"
2026-08-05 21:51:44,235 INFO [httpx2] HTTP Request: GET http://testserver/api/v1/check/vector "HTTP/1.1 200 OK"
2026-08-05 21:51:44,237 INFO [httpx2] HTTP Request: GET http://testserver/api/v1/check/llm "HTTP/1.1 200 OK"
2026-08-05 21:51:44,237 INFO [httpx2] HTTP Request: GET http://testserver/api/v1/check/llm "HTTP/1.1 200 OK"
2026-08-05 21:51:44,237 INFO [httpx2] HTTP Request: GET http://testserver/api/v1/check/llm "HTTP/1.1 200 OK"
2026-08-05 21:51:44,237 INFO [httpx2] HTTP Request: GET http://testserver/api/v1/check/llm "HTTP/1.1 200 OK"
2026-08-05 21:51:44,237 INFO [httpx2] HTTP Request: GET http://testserver/api/v1/check/llm "HTTP/1.1 200 OK"
2026-08-05 21:51:44,245 INFO [httpx2] HTTP Request: GET http://testserver/api/v1/health "HTTP/1.1 200 OK"
2026-08-05 21:51:44,245 INFO [httpx2] HTTP Request: GET http://testserver/api/v1/health "HTTP/1.1 200 OK"
2026-08-05 21:51:44,245 INFO [httpx2] HTTP Request: GET http://testserver/api/v1/health "HTTP/1.1 200 OK"
2026-08-05 21:51:44,245 INFO [httpx2] HTTP Request: GET http://testserver/api/v1/health "HTTP/1.1 200 OK"
2026-08-05 21:51:44,245 INFO [httpx2] HTTP Request: GET http://testserver/api/v1/health "HTTP/1.1 200 OK"
2026-08-05 21:51:44,250 INFO [httpx2] HTTP Request: GET http://testserver/api/v1/data "HTTP/1.1 401 Unauthorized"
2026-08-05 21:51:44,250 INFO [httpx2] HTTP Request: GET http://testserver/api/v1/data "HTTP/1.1 401 Unauthorized"
2026-08-05 21:51:44,250 INFO [httpx2] HTTP Request: GET http://testserver/api/v1/data "HTTP/1.1 401 Unauthorized"
2026-08-05 21:51:44,250 INFO [httpx2] HTTP Request: GET http://testserver/api/v1/data "HTTP/1.1 401 Unauthorized"
2026-08-05 21:51:44,250 INFO [httpx2] HTTP Request: GET http://testserver/api/v1/data "HTTP/1.1 401 Unauthorized"
2026-08-05 21:51:44,251 INFO [httpx2] HTTP Request: GET http://testserver/api/v1/data "HTTP/1.1 401 Unauthorized"
2026-08-05 21:51:44,251 INFO [httpx2] HTTP Request: GET http://testserver/api/v1/data "HTTP/1.1 401 Unauthorized"
2026-08-05 21:51:44,251 INFO [httpx2] HTTP Request: GET http://testserver/api/v1/data "HTTP/1.1 401 Unauthorized"
2026-08-05 21:51:44,251 INFO [httpx2] HTTP Request: GET http://testserver/api/v1/data "HTTP/1.1 401 Unauthorized"
2026-08-05 21:51:44,251 INFO [httpx2] HTTP Request: GET http://testserver/api/v1/data "HTTP/1.1 401 Unauthorized"
2026-08-05 21:51:44,252 INFO [httpx2] HTTP Request: GET http://testserver/api/v1/data "HTTP/1.1 200 OK"
2026-08-05 21:51:44,252 INFO [httpx2] HTTP Request: GET http://testserver/api/v1/data "HTTP/1.1 200 OK"
2026-08-05 21:51:44,252 INFO [httpx2] HTTP Request: GET http://testserver/api/v1/data "HTTP/1.1 200 OK"
2026-08-05 21:51:44,252 INFO [httpx2] HTTP Request: GET http://testserver/api/v1/data "HTTP/1.1 200 OK"
2026-08-05 21:51:44,252 INFO [httpx2] HTTP Request: GET http://testserver/api/v1/data "HTTP/1.1 200 OK"
2026-08-05 21:51:44,257 INFO [httpx2] HTTP Request: GET http://testserver/api/v1/health "HTTP/1.1 200 OK"
2026-08-05 21:51:44,257 INFO [httpx2] HTTP Request: GET http://testserver/api/v1/health "HTTP/1.1 200 OK"
2026-08-05 21:51:44,257 INFO [httpx2] HTTP Request: GET http://testserver/api/v1/health "HTTP/1.1 200 OK"
2026-08-05 21:51:44,257 INFO [httpx2] HTTP Request: GET http://testserver/api/v1/health "HTTP/1.1 200 OK"
2026-08-05 21:51:44,257 INFO [httpx2] HTTP Request: GET http://testserver/api/v1/health "HTTP/1.1 200 OK"
2026-08-05 21:51:44,261 INFO [httpx2] HTTP Request: GET http://testserver/api/v1/data "HTTP/1.1 200 OK"
2026-08-05 21:51:44,261 INFO [httpx2] HTTP Request: GET http://testserver/api/v1/data "HTTP/1.1 200 OK"
2026-08-05 21:51:44,261 INFO [httpx2] HTTP Request: GET http://testserver/api/v1/data "HTTP/1.1 200 OK"
2026-08-05 21:51:44,261 INFO [httpx2] HTTP Request: GET http://testserver/api/v1/data "HTTP/1.1 200 OK"
2026-08-05 21:51:44,261 INFO [httpx2] HTTP Request: GET http://testserver/api/v1/data "HTTP/1.1 200 OK"
2026-08-05 21:51:44,262 INFO [httpx2] HTTP Request: GET http://testserver/api/v1/data "HTTP/1.1 200 OK"
2026-08-05 21:51:44,262 INFO [httpx2] HTTP Request: GET http://testserver/api/v1/data "HTTP/1.1 200 OK"
2026-08-05 21:51:44,262 INFO [httpx2] HTTP Request: GET http://testserver/api/v1/data "HTTP/1.1 200 OK"
2026-08-05 21:51:44,262 INFO [httpx2] HTTP Request: GET http://testserver/api/v1/data "HTTP/1.1 200 OK"
2026-08-05 21:51:44,262 INFO [httpx2] HTTP Request: GET http://testserver/api/v1/data "HTTP/1.1 200 OK"
2026-08-05 21:51:44,263 INFO [httpx2] HTTP Request: GET http://testserver/api/v1/data "HTTP/1.1 200 OK"
2026-08-05 21:51:44,263 INFO [httpx2] HTTP Request: GET http://testserver/api/v1/data "HTTP/1.1 200 OK"
2026-08-05 21:51:44,263 INFO [httpx2] HTTP Request: GET http://testserver/api/v1/data "HTTP/1.1 200 OK"
2026-08-05 21:51:44,263 INFO [httpx2] HTTP Request: GET http://testserver/api/v1/data "HTTP/1.1 200 OK"
2026-08-05 21:51:44,263 INFO [httpx2] HTTP Request: GET http://testserver/api/v1/data "HTTP/1.1 200 OK"
2026-08-05 21:51:44,264 INFO [httpx2] HTTP Request: GET http://testserver/api/v1/data "HTTP/1.1 429 Too Many Requests"
2026-08-05 21:51:44,264 INFO [httpx2] HTTP Request: GET http://testserver/api/v1/data "HTTP/1.1 429 Too Many Requests"
2026-08-05 21:51:44,264 INFO [httpx2] HTTP Request: GET http://testserver/api/v1/data "HTTP/1.1 429 Too Many Requests"
2026-08-05 21:51:44,264 INFO [httpx2] HTTP Request: GET http://testserver/api/v1/data "HTTP/1.1 429 Too Many Requests"
2026-08-05 21:51:44,264 INFO [httpx2] HTTP Request: GET http://testserver/api/v1/data "HTTP/1.1 429 Too Many Requests"
2026-08-05 21:51:44,270 INFO [httpx2] HTTP Request: POST http://testserver/api/v1/data "HTTP/1.1 413 Request Entity Too Large"
2026-08-05 21:51:44,270 INFO [httpx2] HTTP Request: POST http://testserver/api/v1/data "HTTP/1.1 413 Request Entity Too Large"
2026-08-05 21:51:44,270 INFO [httpx2] HTTP Request: POST http://testserver/api/v1/data "HTTP/1.1 413 Request Entity Too Large"
2026-08-05 21:51:44,270 INFO [httpx2] HTTP Request: POST http://testserver/api/v1/data "HTTP/1.1 413 Request Entity Too Large"
2026-08-05 21:51:44,270 INFO [httpx2] HTTP Request: POST http://testserver/api/v1/data "HTTP/1.1 413 Request Entity Too Large"
2026-08-05 21:51:52,202 INFO [httpx2] HTTP Request: GET http://testserver/api/v1/live "HTTP/1.1 200 OK"
2026-08-05 21:51:52,209 INFO [httpx2] HTTP Request: GET http://testserver/api/v1/check/llm "HTTP/1.1 200 OK"
2026-08-05 21:51:52,209 INFO [httpx2] HTTP Request: GET http://testserver/api/v1/check/llm "HTTP/1.1 200 OK"
2026-08-05 21:51:56,610 INFO [httpx2] HTTP Request: GET http://testserver/api/v1/check/database "HTTP/1.1 200 OK"
2026-08-05 21:51:56,610 INFO [httpx2] HTTP Request: GET http://testserver/api/v1/check/database "HTTP/1.1 200 OK"
2026-08-05 21:51:56,610 INFO [httpx2] HTTP Request: GET http://testserver/api/v1/check/database "HTTP/1.1 200 OK"
2026-08-05 21:52:00,970 INFO [httpx2] HTTP Request: GET http://testserver/api/v1/check/vector "HTTP/1.1 200 OK"
2026-08-05 21:52:00,970 INFO [httpx2] HTTP Request: GET http://testserver/api/v1/check/vector "HTTP/1.1 200 OK"
2026-08-05 21:52:00,970 INFO [httpx2] HTTP Request: GET http://testserver/api/v1/check/vector "HTTP/1.1 200 OK"
2026-08-05 21:52:00,970 INFO [httpx2] HTTP Request: GET http://testserver/api/v1/check/vector "HTTP/1.1 200 OK"
2026-08-05 21:52:04,986 INFO [httpx2] HTTP Request: GET http://testserver/api/v1/check/database "HTTP/1.1 200 OK"
2026-08-05 21:52:04,986 INFO [httpx2] HTTP Request: GET http://testserver/api/v1/check/database "HTTP/1.1 200 OK"
2026-08-05 21:52:04,986 INFO [httpx2] HTTP Request: GET http://testserver/api/v1/check/database "HTTP/1.1 200 OK"
2026-08-05 21:52:04,986 INFO [httpx2] HTTP Request: GET http://testserver/api/v1/check/database "HTTP/1.1 200 OK"
2026-08-05 21:52:04,986 INFO [httpx2] HTTP Request: GET http://testserver/api/v1/check/database "HTTP/1.1 200 OK"
2026-08-05 21:52:09,248 INFO [httpx2] HTTP Request: GET http://testserver/api/v1/check/vector "HTTP/1.1 200 OK"
2026-08-05 21:52:09,248 INFO [httpx2] HTTP Request: GET http://testserver/api/v1/check/vector "HTTP/1.1 200 OK"
2026-08-05 21:52:09,248 INFO [httpx2] HTTP Request: GET http://testserver/api/v1/check/vector "HTTP/1.1 200 OK"
2026-08-05 21:52:09,248 INFO [httpx2] HTTP Request: GET http://testserver/api/v1/check/vector "HTTP/1.1 200 OK"
2026-08-05 21:52:09,248 INFO [httpx2] HTTP Request: GET http://testserver/api/v1/check/vector "HTTP/1.1 200 OK"
2026-08-05 21:52:09,250 INFO [httpx2] HTTP Request: GET http://testserver/api/v1/check/llm "HTTP/1.1 200 OK"
2026-08-05 21:52:09,250 INFO [httpx2] HTTP Request: GET http://testserver/api/v1/check/llm "HTTP/1.1 200 OK"
2026-08-05 21:52:09,250 INFO [httpx2] HTTP Request: GET http://testserver/api/v1/check/llm "HTTP/1.1 200 OK"
2026-08-05 21:52:09,250 INFO [httpx2] HTTP Request: GET http://testserver/api/v1/check/llm "HTTP/1.1 200 OK"
2026-08-05 21:52:09,250 INFO [httpx2] HTTP Request: GET http://testserver/api/v1/check/llm "HTTP/1.1 200 OK"
2026-08-05 21:52:27,145 INFO [httpx2] HTTP Request: GET http://testserver/api/v1/live "HTTP/1.1 200 OK"
2026-08-05 21:52:27,157 INFO [httpx2] HTTP Request: GET http://testserver/api/v1/check/llm "HTTP/1.1 200 OK"
2026-08-05 21:52:27,157 INFO [httpx2] HTTP Request: GET http://testserver/api/v1/check/llm "HTTP/1.1 200 OK"
2026-08-05 21:52:30,602 INFO [httpx2] HTTP Request: GET http://testserver/api/v1/check/database "HTTP/1.1 200 OK"
2026-08-05 21:52:30,602 INFO [httpx2] HTTP Request: GET http://testserver/api/v1/check/database "HTTP/1.1 200 OK"
2026-08-05 21:52:30,602 INFO [httpx2] HTTP Request: GET http://testserver/api/v1/check/database "HTTP/1.1 200 OK"
2026-08-05 21:52:32,974 INFO [httpx2] HTTP Request: GET http://testserver/api/v1/check/vector "HTTP/1.1 200 OK"
2026-08-05 21:52:32,974 INFO [httpx2] HTTP Request: GET http://testserver/api/v1/check/vector "HTTP/1.1 200 OK"
2026-08-05 21:52:32,974 INFO [httpx2] HTTP Request: GET http://testserver/api/v1/check/vector "HTTP/1.1 200 OK"
2026-08-05 21:52:32,974 INFO [httpx2] HTTP Request: GET http://testserver/api/v1/check/vector "HTTP/1.1 200 OK"
2026-08-05 21:52:36,031 INFO [httpx2] HTTP Request: GET http://testserver/api/v1/check/database "HTTP/1.1 200 OK"
2026-08-05 21:52:36,031 INFO [httpx2] HTTP Request: GET http://testserver/api/v1/check/database "HTTP/1.1 200 OK"
2026-08-05 21:52:36,031 INFO [httpx2] HTTP Request: GET http://testserver/api/v1/check/database "HTTP/1.1 200 OK"
2026-08-05 21:52:36,031 INFO [httpx2] HTTP Request: GET http://testserver/api/v1/check/database "HTTP/1.1 200 OK"
2026-08-05 21:52:36,031 INFO [httpx2] HTTP Request: GET http://testserver/api/v1/check/database "HTTP/1.1 200 OK"
2026-08-05 21:52:38,312 INFO [httpx2] HTTP Request: GET http://testserver/api/v1/check/vector "HTTP/1.1 200 OK"
2026-08-05 21:52:38,312 INFO [httpx2] HTTP Request: GET http://testserver/api/v1/check/vector "HTTP/1.1 200 OK"
2026-08-05 21:52:38,312 INFO [httpx2] HTTP Request: GET http://testserver/api/v1/check/vector "HTTP/1.1 200 OK"
2026-08-05 21:52:38,312 INFO [httpx2] HTTP Request: GET http://testserver/api/v1/check/vector "HTTP/1.1 200 OK"
2026-08-05 21:52:38,312 INFO [httpx2] HTTP Request: GET http://testserver/api/v1/check/vector "HTTP/1.1 200 OK"
2026-08-05 21:52:38,314 INFO [httpx2] HTTP Request: GET http://testserver/api/v1/check/llm "HTTP/1.1 200 OK"
2026-08-05 21:52:38,314 INFO [httpx2] HTTP Request: GET http://testserver/api/v1/check/llm "HTTP/1.1 200 OK"
2026-08-05 21:52:38,314 INFO [httpx2] HTTP Request: GET http://testserver/api/v1/check/llm "HTTP/1.1 200 OK"
2026-08-05 21:52:38,314 INFO [httpx2] HTTP Request: GET http://testserver/api/v1/check/llm "HTTP/1.1 200 OK"
2026-08-05 21:52:38,314 INFO [httpx2] HTTP Request: GET http://testserver/api/v1/check/llm "HTTP/1.1 200 OK"
2026-08-05 21:54:50,257 INFO [httpx2] HTTP Request: GET http://testserver/ "HTTP/1.1 200 OK"
2026-08-05 21:54:50,269 INFO [httpx2] HTTP Request: GET http://testserver/api/v1/health "HTTP/1.1 200 OK"
2026-08-05 21:54:50,269 INFO [httpx2] HTTP Request: GET http://testserver/api/v1/health "HTTP/1.1 200 OK"
2026-08-05 21:54:50,277 INFO [httpx2] HTTP Request: GET http://testserver/api/v1/ready "HTTP/1.1 200 OK"
2026-08-05 21:54:50,277 INFO [httpx2] HTTP Request: GET http://testserver/api/v1/ready "HTTP/1.1 200 OK"
2026-08-05 21:54:50,277 INFO [httpx2] HTTP Request: GET http://testserver/api/v1/ready "HTTP/1.1 200 OK"
2026-08-05 21:54:50,284 INFO [httpx2] HTTP Request: GET http://testserver/api/v1/live "HTTP/1.1 200 OK"
2026-08-05 21:54:50,284 INFO [httpx2] HTTP Request: GET http://testserver/api/v1/live "HTTP/1.1 200 OK"
2026-08-05 21:54:50,284 INFO [httpx2] HTTP Request: GET http://testserver/api/v1/live "HTTP/1.1 200 OK"
2026-08-05 21:54:50,284 INFO [httpx2] HTTP Request: GET http://testserver/api/v1/live "HTTP/1.1 200 OK"
2026-08-05 21:54:50,289 INFO [httpx2] HTTP Request: GET http://testserver/api/v1/check/llm "HTTP/1.1 200 OK"
2026-08-05 21:54:50,289 INFO [httpx2] HTTP Request: GET http://testserver/api/v1/check/llm "HTTP/1.1 200 OK"
2026-08-05 21:54:50,289 INFO [httpx2] HTTP Request: GET http://testserver/api/v1/check/llm "HTTP/1.1 200 OK"
2026-08-05 21:54:50,289 INFO [httpx2] HTTP Request: GET http://testserver/api/v1/check/llm "HTTP/1.1 200 OK"
2026-08-05 21:54:50,289 INFO [httpx2] HTTP Request: GET http://testserver/api/v1/check/llm "HTTP/1.1 200 OK"
2026-08-05 21:54:53,788 INFO [httpx2] HTTP Request: GET http://testserver/api/v1/check/database "HTTP/1.1 200 OK"
2026-08-05 21:54:53,788 INFO [httpx2] HTTP Request: GET http://testserver/api/v1/check/database "HTTP/1.1 200 OK"
2026-08-05 21:54:53,788 INFO [httpx2] HTTP Request: GET http://testserver/api/v1/check/database "HTTP/1.1 200 OK"
2026-08-05 21:54:53,788 INFO [httpx2] HTTP Request: GET http://testserver/api/v1/check/database "HTTP/1.1 200 OK"
2026-08-05 21:54:53,788 INFO [httpx2] HTTP Request: GET http://testserver/api/v1/check/database "HTTP/1.1 200 OK"
2026-08-05 21:54:53,788 INFO [httpx2] HTTP Request: GET http://testserver/api/v1/check/database "HTTP/1.1 200 OK"
2026-08-05 21:54:56,040 INFO [httpx2] HTTP Request: GET http://testserver/api/v1/check/vector "HTTP/1.1 200 OK"
2026-08-05 21:54:56,040 INFO [httpx2] HTTP Request: GET http://testserver/api/v1/check/vector "HTTP/1.1 200 OK"
2026-08-05 21:54:56,040 INFO [httpx2] HTTP Request: GET http://testserver/api/v1/check/vector "HTTP/1.1 200 OK"
2026-08-05 21:54:56,040 INFO [httpx2] HTTP Request: GET http://testserver/api/v1/check/vector "HTTP/1.1 200 OK"
2026-08-05 21:54:56,040 INFO [httpx2] HTTP Request: GET http://testserver/api/v1/check/vector "HTTP/1.1 200 OK"
2026-08-05 21:54:56,040 INFO [httpx2] HTTP Request: GET http://testserver/api/v1/check/vector "HTTP/1.1 200 OK"
2026-08-05 21:54:56,040 INFO [httpx2] HTTP Request: GET http://testserver/api/v1/check/vector "HTTP/1.1 200 OK"
2026-08-05 21:54:59,087 INFO [httpx2] HTTP Request: GET http://testserver/api/v1/check/database "HTTP/1.1 200 OK"
2026-08-05 21:54:59,087 INFO [httpx2] HTTP Request: GET http://testserver/api/v1/check/database "HTTP/1.1 200 OK"
2026-08-05 21:54:59,087 INFO [httpx2] HTTP Request: GET http://testserver/api/v1/check/database "HTTP/1.1 200 OK"
2026-08-05 21:54:59,087 INFO [httpx2] HTTP Request: GET http://testserver/api/v1/check/database "HTTP/1.1 200 OK"
2026-08-05 21:54:59,087 INFO [httpx2] HTTP Request: GET http://testserver/api/v1/check/database "HTTP/1.1 200 OK"
2026-08-05 21:54:59,087 INFO [httpx2] HTTP Request: GET http://testserver/api/v1/check/database "HTTP/1.1 200 OK"
2026-08-05 21:54:59,087 INFO [httpx2] HTTP Request: GET http://testserver/api/v1/check/database "HTTP/1.1 200 OK"
2026-08-05 21:54:59,087 INFO [httpx2] HTTP Request: GET http://testserver/api/v1/check/database "HTTP/1.1 200 OK"
2026-08-05 21:55:01,354 INFO [httpx2] HTTP Request: GET http://testserver/api/v1/check/vector "HTTP/1.1 200 OK"
2026-08-05 21:55:01,354 INFO [httpx2] HTTP Request: GET http://testserver/api/v1/check/vector "HTTP/1.1 200 OK"
2026-08-05 21:55:01,354 INFO [httpx2] HTTP Request: GET http://testserver/api/v1/check/vector "HTTP/1.1 200 OK"
2026-08-05 21:55:01,354 INFO [httpx2] HTTP Request: GET http://testserver/api/v1/check/vector "HTTP/1.1 200 OK"
2026-08-05 21:55:01,354 INFO [httpx2] HTTP Request: GET http://testserver/api/v1/check/vector "HTTP/1.1 200 OK"
2026-08-05 21:55:01,354 INFO [httpx2] HTTP Request: GET http://testserver/api/v1/check/vector "HTTP/1.1 200 OK"
2026-08-05 21:55:01,354 INFO [httpx2] HTTP Request: GET http://testserver/api/v1/check/vector "HTTP/1.1 200 OK"
2026-08-05 21:55:01,354 INFO [httpx2] HTTP Request: GET http://testserver/api/v1/check/vector "HTTP/1.1 200 OK"
2026-08-05 21:55:01,355 INFO [httpx2] HTTP Request: GET http://testserver/api/v1/check/llm "HTTP/1.1 200 OK"
2026-08-05 21:55:01,355 INFO [httpx2] HTTP Request: GET http://testserver/api/v1/check/llm "HTTP/1.1 200 OK"
2026-08-05 21:55:01,355 INFO [httpx2] HTTP Request: GET http://testserver/api/v1/check/llm "HTTP/1.1 200 OK"
2026-08-05 21:55:01,355 INFO [httpx2] HTTP Request: GET http://testserver/api/v1/check/llm "HTTP/1.1 200 OK"
2026-08-05 21:55:01,355 INFO [httpx2] HTTP Request: GET http://testserver/api/v1/check/llm "HTTP/1.1 200 OK"
2026-08-05 21:55:01,355 INFO [httpx2] HTTP Request: GET http://testserver/api/v1/check/llm "HTTP/1.1 200 OK"
2026-08-05 21:55:01,355 INFO [httpx2] HTTP Request: GET http://testserver/api/v1/check/llm "HTTP/1.1 200 OK"
2026-08-05 21:55:01,355 INFO [httpx2] HTTP Request: GET http://testserver/api/v1/check/llm "HTTP/1.1 200 OK"
2026-08-05 21:55:02,511 INFO [httpx2] HTTP Request: POST http://testserver/api/v1/query "HTTP/1.1 200 OK"
2026-08-05 21:55:02,511 INFO [httpx2] HTTP Request: POST http://testserver/api/v1/query "HTTP/1.1 200 OK"
2026-08-05 21:55:02,511 INFO [httpx2] HTTP Request: POST http://testserver/api/v1/query "HTTP/1.1 200 OK"
2026-08-05 21:55:02,511 INFO [httpx2] HTTP Request: POST http://testserver/api/v1/query "HTTP/1.1 200 OK"
2026-08-05 21:55:02,511 INFO [httpx2] HTTP Request: POST http://testserver/api/v1/query "HTTP/1.1 200 OK"
2026-08-05 21:55:02,511 INFO [httpx2] HTTP Request: POST http://testserver/api/v1/query "HTTP/1.1 200 OK"
2026-08-05 21:55:02,511 INFO [httpx2] HTTP Request: POST http://testserver/api/v1/query "HTTP/1.1 200 OK"
2026-08-05 21:55:02,511 INFO [httpx2] HTTP Request: POST http://testserver/api/v1/query "HTTP/1.1 200 OK"
2026-08-05 21:55:02,511 INFO [httpx2] HTTP Request: POST http://testserver/api/v1/query "HTTP/1.1 200 OK"
2026-08-05 21:55:02,529 INFO [httpx2] HTTP Request: POST http://testserver/api/v1/query "HTTP/1.1 200 OK"
2026-08-05 21:55:02,529 INFO [httpx2] HTTP Request: POST http://testserver/api/v1/query "HTTP/1.1 200 OK"
2026-08-05 21:55:02,529 INFO [httpx2] HTTP Request: POST http://testserver/api/v1/query "HTTP/1.1 200 OK"
2026-08-05 21:55:02,529 INFO [httpx2] HTTP Request: POST http://testserver/api/v1/query "HTTP/1.1 200 OK"
2026-08-05 21:55:02,529 INFO [httpx2] HTTP Request: POST http://testserver/api/v1/query "HTTP/1.1 200 OK"
2026-08-05 21:55:02,529 INFO [httpx2] HTTP Request: POST http://testserver/api/v1/query "HTTP/1.1 200 OK"
2026-08-05 21:55:02,529 INFO [httpx2] HTTP Request: POST http://testserver/api/v1/query "HTTP/1.1 200 OK"
2026-08-05 21:55:02,529 INFO [httpx2] HTTP Request: POST http://testserver/api/v1/query "HTTP/1.1 200 OK"
2026-08-05 21:55:02,529 INFO [httpx2] HTTP Request: POST http://testserver/api/v1/query "HTTP/1.1 200 OK"
2026-08-05 21:55:02,529 INFO [httpx2] HTTP Request: POST http://testserver/api/v1/query "HTTP/1.1 200 OK"
2026-08-05 21:55:02,544 INFO [httpx2] HTTP Request: POST http://testserver/api/v1/query "HTTP/1.1 422 Unprocessable Entity"
2026-08-05 21:55:02,544 INFO [httpx2] HTTP Request: POST http://testserver/api/v1/query "HTTP/1.1 422 Unprocessable Entity"
2026-08-05 21:55:02,544 INFO [httpx2] HTTP Request: POST http://testserver/api/v1/query "HTTP/1.1 422 Unprocessable Entity"
2026-08-05 21:55:02,544 INFO [httpx2] HTTP Request: POST http://testserver/api/v1/query "HTTP/1.1 422 Unprocessable Entity"
2026-08-05 21:55:02,544 INFO [httpx2] HTTP Request: POST http://testserver/api/v1/query "HTTP/1.1 422 Unprocessable Entity"
2026-08-05 21:55:02,544 INFO [httpx2] HTTP Request: POST http://testserver/api/v1/query "HTTP/1.1 422 Unprocessable Entity"
2026-08-05 21:55:02,544 INFO [httpx2] HTTP Request: POST http://testserver/api/v1/query "HTTP/1.1 422 Unprocessable Entity"
2026-08-05 21:55:02,544 INFO [httpx2] HTTP Request: POST http://testserver/api/v1/query "HTTP/1.1 422 Unprocessable Entity"
2026-08-05 21:55:02,544 INFO [httpx2] HTTP Request: POST http://testserver/api/v1/query "HTTP/1.1 422 Unprocessable Entity"
2026-08-05 21:55:02,544 INFO [httpx2] HTTP Request: POST http://testserver/api/v1/query "HTTP/1.1 422 Unprocessable Entity"
2026-08-05 21:55:02,544 INFO [httpx2] HTTP Request: POST http://testserver/api/v1/query "HTTP/1.1 422 Unprocessable Entity"
2026-08-05 21:55:02,558 INFO [httpx2] HTTP Request: POST http://testserver/api/v1/query "HTTP/1.1 422 Unprocessable Entity"
2026-08-05 21:55:02,558 INFO [httpx2] HTTP Request: POST http://testserver/api/v1/query "HTTP/1.1 422 Unprocessable Entity"
2026-08-05 21:55:02,558 INFO [httpx2] HTTP Request: POST http://testserver/api/v1/query "HTTP/1.1 422 Unprocessable Entity"
2026-08-05 21:55:02,558 INFO [httpx2] HTTP Request: POST http://testserver/api/v1/query "HTTP/1.1 422 Unprocessable Entity"
2026-08-05 21:55:02,558 INFO [httpx2] HTTP Request: POST http://testserver/api/v1/query "HTTP/1.1 422 Unprocessable Entity"
2026-08-05 21:55:02,558 INFO [httpx2] HTTP Request: POST http://testserver/api/v1/query "HTTP/1.1 422 Unprocessable Entity"
2026-08-05 21:55:02,558 INFO [httpx2] HTTP Request: POST http://testserver/api/v1/query "HTTP/1.1 422 Unprocessable Entity"
2026-08-05 21:55:02,558 INFO [httpx2] HTTP Request: POST http://testserver/api/v1/query "HTTP/1.1 422 Unprocessable Entity"
2026-08-05 21:55:02,558 INFO [httpx2] HTTP Request: POST http://testserver/api/v1/query "HTTP/1.1 422 Unprocessable Entity"
2026-08-05 21:55:02,558 INFO [httpx2] HTTP Request: POST http://testserver/api/v1/query "HTTP/1.1 422 Unprocessable Entity"
2026-08-05 21:55:02,558 INFO [httpx2] HTTP Request: POST http://testserver/api/v1/query "HTTP/1.1 422 Unprocessable Entity"
2026-08-05 21:55:02,558 INFO [httpx2] HTTP Request: POST http://testserver/api/v1/query "HTTP/1.1 422 Unprocessable Entity"
2026-08-05 21:55:02,575 INFO [httpx2] HTTP Request: POST http://testserver/api/v1/explain "HTTP/1.1 200 OK"
2026-08-05 21:55:02,575 INFO [httpx2] HTTP Request: POST http://testserver/api/v1/explain "HTTP/1.1 200 OK"
2026-08-05 21:55:02,575 INFO [httpx2] HTTP Request: POST http://testserver/api/v1/explain "HTTP/1.1 200 OK"
2026-08-05 21:55:02,575 INFO [httpx2] HTTP Request: POST http://testserver/api/v1/explain "HTTP/1.1 200 OK"
2026-08-05 21:55:02,575 INFO [httpx2] HTTP Request: POST http://testserver/api/v1/explain "HTTP/1.1 200 OK"
2026-08-05 21:55:02,575 INFO [httpx2] HTTP Request: POST http://testserver/api/v1/explain "HTTP/1.1 200 OK"
2026-08-05 21:55:02,575 INFO [httpx2] HTTP Request: POST http://testserver/api/v1/explain "HTTP/1.1 200 OK"
2026-08-05 21:55:02,575 INFO [httpx2] HTTP Request: POST http://testserver/api/v1/explain "HTTP/1.1 200 OK"
2026-08-05 21:55:02,575 INFO [httpx2] HTTP Request: POST http://testserver/api/v1/explain "HTTP/1.1 200 OK"
2026-08-05 21:55:02,575 INFO [httpx2] HTTP Request: POST http://testserver/api/v1/explain "HTTP/1.1 200 OK"
2026-08-05 21:55:02,575 INFO [httpx2] HTTP Request: POST http://testserver/api/v1/explain "HTTP/1.1 200 OK"
2026-08-05 21:55:02,575 INFO [httpx2] HTTP Request: POST http://testserver/api/v1/explain "HTTP/1.1 200 OK"
2026-08-05 21:55:02,575 INFO [httpx2] HTTP Request: POST http://testserver/api/v1/explain "HTTP/1.1 200 OK"
2026-08-05 21:55:02,592 INFO [httpx2] HTTP Request: POST http://testserver/api/v1/query "HTTP/1.1 200 OK"
2026-08-05 21:55:02,592 INFO [httpx2] HTTP Request: POST http://testserver/api/v1/query "HTTP/1.1 200 OK"
2026-08-05 21:55:02,592 INFO [httpx2] HTTP Request: POST http://testserver/api/v1/query "HTTP/1.1 200 OK"
2026-08-05 21:55:02,592 INFO [httpx2] HTTP Request: POST http://testserver/api/v1/query "HTTP/1.1 200 OK"
2026-08-05 21:55:02,592 INFO [httpx2] HTTP Request: POST http://testserver/api/v1/query "HTTP/1.1 200 OK"
2026-08-05 21:55:02,592 INFO [httpx2] HTTP Request: POST http://testserver/api/v1/query "HTTP/1.1 200 OK"
2026-08-05 21:55:02,592 INFO [httpx2] HTTP Request: POST http://testserver/api/v1/query "HTTP/1.1 200 OK"
2026-08-05 21:55:02,592 INFO [httpx2] HTTP Request: POST http://testserver/api/v1/query "HTTP/1.1 200 OK"
2026-08-05 21:55:02,592 INFO [httpx2] HTTP Request: POST http://testserver/api/v1/query "HTTP/1.1 200 OK"
2026-08-05 21:55:02,592 INFO [httpx2] HTTP Request: POST http://testserver/api/v1/query "HTTP/1.1 200 OK"
2026-08-05 21:55:02,592 INFO [httpx2] HTTP Request: POST http://testserver/api/v1/query "HTTP/1.1 200 OK"
2026-08-05 21:55:02,592 INFO [httpx2] HTTP Request: POST http://testserver/api/v1/query "HTTP/1.1 200 OK"
2026-08-05 21:55:02,592 INFO [httpx2] HTTP Request: POST http://testserver/api/v1/query "HTTP/1.1 200 OK"
2026-08-05 21:55:02,592 INFO [httpx2] HTTP Request: POST http://testserver/api/v1/query "HTTP/1.1 200 OK"
2026-08-05 21:55:02,594 INFO [httpx2] HTTP Request: GET http://testserver/api/v1/provenance/cb300bf8a8034677854a95c8e985d08f "HTTP/1.1 200 OK"
2026-08-05 21:55:02,594 INFO [httpx2] HTTP Request: GET http://testserver/api/v1/provenance/cb300bf8a8034677854a95c8e985d08f "HTTP/1.1 200 OK"
2026-08-05 21:55:02,594 INFO [httpx2] HTTP Request: GET http://testserver/api/v1/provenance/cb300bf8a8034677854a95c8e985d08f "HTTP/1.1 200 OK"
2026-08-05 21:55:02,594 INFO [httpx2] HTTP Request: GET http://testserver/api/v1/provenance/cb300bf8a8034677854a95c8e985d08f "HTTP/1.1 200 OK"
2026-08-05 21:55:02,594 INFO [httpx2] HTTP Request: GET http://testserver/api/v1/provenance/cb300bf8a8034677854a95c8e985d08f "HTTP/1.1 200 OK"
2026-08-05 21:55:02,594 INFO [httpx2] HTTP Request: GET http://testserver/api/v1/provenance/cb300bf8a8034677854a95c8e985d08f "HTTP/1.1 200 OK"
2026-08-05 21:55:02,594 INFO [httpx2] HTTP Request: GET http://testserver/api/v1/provenance/cb300bf8a8034677854a95c8e985d08f "HTTP/1.1 200 OK"
2026-08-05 21:55:02,594 INFO [httpx2] HTTP Request: GET http://testserver/api/v1/provenance/cb300bf8a8034677854a95c8e985d08f "HTTP/1.1 200 OK"
2026-08-05 21:55:02,594 INFO [httpx2] HTTP Request: GET http://testserver/api/v1/provenance/cb300bf8a8034677854a95c8e985d08f "HTTP/1.1 200 OK"
2026-08-05 21:55:02,594 INFO [httpx2] HTTP Request: GET http://testserver/api/v1/provenance/cb300bf8a8034677854a95c8e985d08f "HTTP/1.1 200 OK"
2026-08-05 21:55:02,594 INFO [httpx2] HTTP Request: GET http://testserver/api/v1/provenance/cb300bf8a8034677854a95c8e985d08f "HTTP/1.1 200 OK"
2026-08-05 21:55:02,594 INFO [httpx2] HTTP Request: GET http://testserver/api/v1/provenance/cb300bf8a8034677854a95c8e985d08f "HTTP/1.1 200 OK"
2026-08-05 21:55:02,594 INFO [httpx2] HTTP Request: GET http://testserver/api/v1/provenance/cb300bf8a8034677854a95c8e985d08f "HTTP/1.1 200 OK"
2026-08-05 21:55:02,594 INFO [httpx2] HTTP Request: GET http://testserver/api/v1/provenance/cb300bf8a8034677854a95c8e985d08f "HTTP/1.1 200 OK"
2026-08-05 21:55:02,611 INFO [httpx2] HTTP Request: GET http://testserver/api/v1/provenance/doesnotexist "HTTP/1.1 404 Not Found"
2026-08-05 21:55:02,611 INFO [httpx2] HTTP Request: GET http://testserver/api/v1/provenance/doesnotexist "HTTP/1.1 404 Not Found"
2026-08-05 21:55:02,611 INFO [httpx2] HTTP Request: GET http://testserver/api/v1/provenance/doesnotexist "HTTP/1.1 404 Not Found"
2026-08-05 21:55:02,611 INFO [httpx2] HTTP Request: GET http://testserver/api/v1/provenance/doesnotexist "HTTP/1.1 404 Not Found"
2026-08-05 21:55:02,611 INFO [httpx2] HTTP Request: GET http://testserver/api/v1/provenance/doesnotexist "HTTP/1.1 404 Not Found"
2026-08-05 21:55:02,611 INFO [httpx2] HTTP Request: GET http://testserver/api/v1/provenance/doesnotexist "HTTP/1.1 404 Not Found"
2026-08-05 21:55:02,611 INFO [httpx2] HTTP Request: GET http://testserver/api/v1/provenance/doesnotexist "HTTP/1.1 404 Not Found"
2026-08-05 21:55:02,611 INFO [httpx2] HTTP Request: GET http://testserver/api/v1/provenance/doesnotexist "HTTP/1.1 404 Not Found"
2026-08-05 21:55:02,611 INFO [httpx2] HTTP Request: GET http://testserver/api/v1/provenance/doesnotexist "HTTP/1.1 404 Not Found"
2026-08-05 21:55:02,611 INFO [httpx2] HTTP Request: GET http://testserver/api/v1/provenance/doesnotexist "HTTP/1.1 404 Not Found"
2026-08-05 21:55:02,611 INFO [httpx2] HTTP Request: GET http://testserver/api/v1/provenance/doesnotexist "HTTP/1.1 404 Not Found"
2026-08-05 21:55:02,611 INFO [httpx2] HTTP Request: GET http://testserver/api/v1/provenance/doesnotexist "HTTP/1.1 404 Not Found"
2026-08-05 21:55:02,611 INFO [httpx2] HTTP Request: GET http://testserver/api/v1/provenance/doesnotexist "HTTP/1.1 404 Not Found"
2026-08-05 21:55:02,611 INFO [httpx2] HTTP Request: GET http://testserver/api/v1/provenance/doesnotexist "HTTP/1.1 404 Not Found"
2026-08-05 21:55:02,611 INFO [httpx2] HTTP Request: GET http://testserver/api/v1/provenance/doesnotexist "HTTP/1.1 404 Not Found"
2026-08-05 21:55:02,626 INFO [httpx2] HTTP Request: POST http://testserver/api/v1/explain "HTTP/1.1 422 Unprocessable Entity"
2026-08-05 21:55:02,626 INFO [httpx2] HTTP Request: POST http://testserver/api/v1/explain "HTTP/1.1 422 Unprocessable Entity"
2026-08-05 21:55:02,626 INFO [httpx2] HTTP Request: POST http://testserver/api/v1/explain "HTTP/1.1 422 Unprocessable Entity"
2026-08-05 21:55:02,626 INFO [httpx2] HTTP Request: POST http://testserver/api/v1/explain "HTTP/1.1 422 Unprocessable Entity"
2026-08-05 21:55:02,626 INFO [httpx2] HTTP Request: POST http://testserver/api/v1/explain "HTTP/1.1 422 Unprocessable Entity"
2026-08-05 21:55:02,626 INFO [httpx2] HTTP Request: POST http://testserver/api/v1/explain "HTTP/1.1 422 Unprocessable Entity"
2026-08-05 21:55:02,626 INFO [httpx2] HTTP Request: POST http://testserver/api/v1/explain "HTTP/1.1 422 Unprocessable Entity"
2026-08-05 21:55:02,626 INFO [httpx2] HTTP Request: POST http://testserver/api/v1/explain "HTTP/1.1 422 Unprocessable Entity"
2026-08-05 21:55:02,626 INFO [httpx2] HTTP Request: POST http://testserver/api/v1/explain "HTTP/1.1 422 Unprocessable Entity"
2026-08-05 21:55:02,626 INFO [httpx2] HTTP Request: POST http://testserver/api/v1/explain "HTTP/1.1 422 Unprocessable Entity"
2026-08-05 21:55:02,626 INFO [httpx2] HTTP Request: POST http://testserver/api/v1/explain "HTTP/1.1 422 Unprocessable Entity"
2026-08-05 21:55:02,626 INFO [httpx2] HTTP Request: POST http://testserver/api/v1/explain "HTTP/1.1 422 Unprocessable Entity"
2026-08-05 21:55:02,626 INFO [httpx2] HTTP Request: POST http://testserver/api/v1/explain "HTTP/1.1 422 Unprocessable Entity"
2026-08-05 21:55:02,626 INFO [httpx2] HTTP Request: POST http://testserver/api/v1/explain "HTTP/1.1 422 Unprocessable Entity"
2026-08-05 21:55:02,626 INFO [httpx2] HTTP Request: POST http://testserver/api/v1/explain "HTTP/1.1 422 Unprocessable Entity"
2026-08-05 21:55:02,626 INFO [httpx2] HTTP Request: POST http://testserver/api/v1/explain "HTTP/1.1 422 Unprocessable Entity"
2026-08-05 21:55:02,748 INFO [httpx2] HTTP Request: GET http://testserver/api/v1/health "HTTP/1.1 200 OK"
2026-08-05 21:55:02,748 INFO [httpx2] HTTP Request: GET http://testserver/api/v1/health "HTTP/1.1 200 OK"
2026-08-05 21:55:02,748 INFO [httpx2] HTTP Request: GET http://testserver/api/v1/health "HTTP/1.1 200 OK"
2026-08-05 21:55:02,748 INFO [httpx2] HTTP Request: GET http://testserver/api/v1/health "HTTP/1.1 200 OK"
2026-08-05 21:55:02,748 INFO [httpx2] HTTP Request: GET http://testserver/api/v1/health "HTTP/1.1 200 OK"
2026-08-05 21:55:02,748 INFO [httpx2] HTTP Request: GET http://testserver/api/v1/health "HTTP/1.1 200 OK"
2026-08-05 21:55:02,748 INFO [httpx2] HTTP Request: GET http://testserver/api/v1/health "HTTP/1.1 200 OK"
2026-08-05 21:55:02,748 INFO [httpx2] HTTP Request: GET http://testserver/api/v1/health "HTTP/1.1 200 OK"
2026-08-05 21:55:02,748 INFO [httpx2] HTTP Request: GET http://testserver/api/v1/health "HTTP/1.1 200 OK"
2026-08-05 21:55:02,748 INFO [httpx2] HTTP Request: GET http://testserver/api/v1/health "HTTP/1.1 200 OK"
2026-08-05 21:55:02,748 INFO [httpx2] HTTP Request: GET http://testserver/api/v1/health "HTTP/1.1 200 OK"
2026-08-05 21:55:02,748 INFO [httpx2] HTTP Request: GET http://testserver/api/v1/health "HTTP/1.1 200 OK"
2026-08-05 21:55:02,748 INFO [httpx2] HTTP Request: GET http://testserver/api/v1/health "HTTP/1.1 200 OK"
2026-08-05 21:55:02,748 INFO [httpx2] HTTP Request: GET http://testserver/api/v1/health "HTTP/1.1 200 OK"
2026-08-05 21:55:02,748 INFO [httpx2] HTTP Request: GET http://testserver/api/v1/health "HTTP/1.1 200 OK"
2026-08-05 21:55:02,748 INFO [httpx2] HTTP Request: GET http://testserver/api/v1/health "HTTP/1.1 200 OK"
2026-08-05 21:55:02,752 INFO [httpx2] HTTP Request: GET http://testserver/api/v1/data "HTTP/1.1 401 Unauthorized"
2026-08-05 21:55:02,752 INFO [httpx2] HTTP Request: GET http://testserver/api/v1/data "HTTP/1.1 401 Unauthorized"
2026-08-05 21:55:02,752 INFO [httpx2] HTTP Request: GET http://testserver/api/v1/data "HTTP/1.1 401 Unauthorized"
2026-08-05 21:55:02,752 INFO [httpx2] HTTP Request: GET http://testserver/api/v1/data "HTTP/1.1 401 Unauthorized"
2026-08-05 21:55:02,752 INFO [httpx2] HTTP Request: GET http://testserver/api/v1/data "HTTP/1.1 401 Unauthorized"
2026-08-05 21:55:02,752 INFO [httpx2] HTTP Request: GET http://testserver/api/v1/data "HTTP/1.1 401 Unauthorized"
2026-08-05 21:55:02,752 INFO [httpx2] HTTP Request: GET http://testserver/api/v1/data "HTTP/1.1 401 Unauthorized"
2026-08-05 21:55:02,752 INFO [httpx2] HTTP Request: GET http://testserver/api/v1/data "HTTP/1.1 401 Unauthorized"
2026-08-05 21:55:02,752 INFO [httpx2] HTTP Request: GET http://testserver/api/v1/data "HTTP/1.1 401 Unauthorized"
2026-08-05 21:55:02,752 INFO [httpx2] HTTP Request: GET http://testserver/api/v1/data "HTTP/1.1 401 Unauthorized"
2026-08-05 21:55:02,752 INFO [httpx2] HTTP Request: GET http://testserver/api/v1/data "HTTP/1.1 401 Unauthorized"
2026-08-05 21:55:02,752 INFO [httpx2] HTTP Request: GET http://testserver/api/v1/data "HTTP/1.1 401 Unauthorized"
2026-08-05 21:55:02,752 INFO [httpx2] HTTP Request: GET http://testserver/api/v1/data "HTTP/1.1 401 Unauthorized"
2026-08-05 21:55:02,752 INFO [httpx2] HTTP Request: GET http://testserver/api/v1/data "HTTP/1.1 401 Unauthorized"
2026-08-05 21:55:02,752 INFO [httpx2] HTTP Request: GET http://testserver/api/v1/data "HTTP/1.1 401 Unauthorized"
2026-08-05 21:55:02,752 INFO [httpx2] HTTP Request: GET http://testserver/api/v1/data "HTTP/1.1 401 Unauthorized"
2026-08-05 21:55:02,754 INFO [httpx2] HTTP Request: GET http://testserver/api/v1/data "HTTP/1.1 401 Unauthorized"
2026-08-05 21:55:02,754 INFO [httpx2] HTTP Request: GET http://testserver/api/v1/data "HTTP/1.1 401 Unauthorized"
2026-08-05 21:55:02,754 INFO [httpx2] HTTP Request: GET http://testserver/api/v1/data "HTTP/1.1 401 Unauthorized"
2026-08-05 21:55:02,754 INFO [httpx2] HTTP Request: GET http://testserver/api/v1/data "HTTP/1.1 401 Unauthorized"
2026-08-05 21:55:02,754 INFO [httpx2] HTTP Request: GET http://testserver/api/v1/data "HTTP/1.1 401 Unauthorized"
2026-08-05 21:55:02,754 INFO [httpx2] HTTP Request: GET http://testserver/api/v1/data "HTTP/1.1 401 Unauthorized"
2026-08-05 21:55:02,754 INFO [httpx2] HTTP Request: GET http://testserver/api/v1/data "HTTP/1.1 401 Unauthorized"
2026-08-05 21:55:02,754 INFO [httpx2] HTTP Request: GET http://testserver/api/v1/data "HTTP/1.1 401 Unauthorized"
2026-08-05 21:55:02,754 INFO [httpx2] HTTP Request: GET http://testserver/api/v1/data "HTTP/1.1 401 Unauthorized"
2026-08-05 21:55:02,754 INFO [httpx2] HTTP Request: GET http://testserver/api/v1/data "HTTP/1.1 401 Unauthorized"
2026-08-05 21:55:02,754 INFO [httpx2] HTTP Request: GET http://testserver/api/v1/data "HTTP/1.1 401 Unauthorized"
2026-08-05 21:55:02,754 INFO [httpx2] HTTP Request: GET http://testserver/api/v1/data "HTTP/1.1 401 Unauthorized"
2026-08-05 21:55:02,754 INFO [httpx2] HTTP Request: GET http://testserver/api/v1/data "HTTP/1.1 401 Unauthorized"
2026-08-05 21:55:02,754 INFO [httpx2] HTTP Request: GET http://testserver/api/v1/data "HTTP/1.1 401 Unauthorized"
2026-08-05 21:55:02,754 INFO [httpx2] HTTP Request: GET http://testserver/api/v1/data "HTTP/1.1 401 Unauthorized"
2026-08-05 21:55:02,754 INFO [httpx2] HTTP Request: GET http://testserver/api/v1/data "HTTP/1.1 401 Unauthorized"
2026-08-05 21:55:02,756 INFO [httpx2] HTTP Request: GET http://testserver/api/v1/data "HTTP/1.1 200 OK"
2026-08-05 21:55:02,756 INFO [httpx2] HTTP Request: GET http://testserver/api/v1/data "HTTP/1.1 200 OK"
2026-08-05 21:55:02,756 INFO [httpx2] HTTP Request: GET http://testserver/api/v1/data "HTTP/1.1 200 OK"
2026-08-05 21:55:02,756 INFO [httpx2] HTTP Request: GET http://testserver/api/v1/data "HTTP/1.1 200 OK"
2026-08-05 21:55:02,756 INFO [httpx2] HTTP Request: GET http://testserver/api/v1/data "HTTP/1.1 200 OK"
2026-08-05 21:55:02,756 INFO [httpx2] HTTP Request: GET http://testserver/api/v1/data "HTTP/1.1 200 OK"
2026-08-05 21:55:02,756 INFO [httpx2] HTTP Request: GET http://testserver/api/v1/data "HTTP/1.1 200 OK"
2026-08-05 21:55:02,756 INFO [httpx2] HTTP Request: GET http://testserver/api/v1/data "HTTP/1.1 200 OK"
2026-08-05 21:55:02,756 INFO [httpx2] HTTP Request: GET http://testserver/api/v1/data "HTTP/1.1 200 OK"
2026-08-05 21:55:02,756 INFO [httpx2] HTTP Request: GET http://testserver/api/v1/data "HTTP/1.1 200 OK"
2026-08-05 21:55:02,756 INFO [httpx2] HTTP Request: GET http://testserver/api/v1/data "HTTP/1.1 200 OK"
2026-08-05 21:55:02,756 INFO [httpx2] HTTP Request: GET http://testserver/api/v1/data "HTTP/1.1 200 OK"
2026-08-05 21:55:02,756 INFO [httpx2] HTTP Request: GET http://testserver/api/v1/data "HTTP/1.1 200 OK"
2026-08-05 21:55:02,756 INFO [httpx2] HTTP Request: GET http://testserver/api/v1/data "HTTP/1.1 200 OK"
2026-08-05 21:55:02,756 INFO [httpx2] HTTP Request: GET http://testserver/api/v1/data "HTTP/1.1 200 OK"
2026-08-05 21:55:02,756 INFO [httpx2] HTTP Request: GET http://testserver/api/v1/data "HTTP/1.1 200 OK"
2026-08-05 21:55:02,761 INFO [httpx2] HTTP Request: GET http://testserver/api/v1/health "HTTP/1.1 200 OK"
2026-08-05 21:55:02,761 INFO [httpx2] HTTP Request: GET http://testserver/api/v1/health "HTTP/1.1 200 OK"
2026-08-05 21:55:02,761 INFO [httpx2] HTTP Request: GET http://testserver/api/v1/health "HTTP/1.1 200 OK"
2026-08-05 21:55:02,761 INFO [httpx2] HTTP Request: GET http://testserver/api/v1/health "HTTP/1.1 200 OK"
2026-08-05 21:55:02,761 INFO [httpx2] HTTP Request: GET http://testserver/api/v1/health "HTTP/1.1 200 OK"
2026-08-05 21:55:02,761 INFO [httpx2] HTTP Request: GET http://testserver/api/v1/health "HTTP/1.1 200 OK"
2026-08-05 21:55:02,761 INFO [httpx2] HTTP Request: GET http://testserver/api/v1/health "HTTP/1.1 200 OK"
2026-08-05 21:55:02,761 INFO [httpx2] HTTP Request: GET http://testserver/api/v1/health "HTTP/1.1 200 OK"
2026-08-05 21:55:02,761 INFO [httpx2] HTTP Request: GET http://testserver/api/v1/health "HTTP/1.1 200 OK"
2026-08-05 21:55:02,761 INFO [httpx2] HTTP Request: GET http://testserver/api/v1/health "HTTP/1.1 200 OK"
2026-08-05 21:55:02,761 INFO [httpx2] HTTP Request: GET http://testserver/api/v1/health "HTTP/1.1 200 OK"
2026-08-05 21:55:02,761 INFO [httpx2] HTTP Request: GET http://testserver/api/v1/health "HTTP/1.1 200 OK"
2026-08-05 21:55:02,761 INFO [httpx2] HTTP Request: GET http://testserver/api/v1/health "HTTP/1.1 200 OK"
2026-08-05 21:55:02,761 INFO [httpx2] HTTP Request: GET http://testserver/api/v1/health "HTTP/1.1 200 OK"
2026-08-05 21:55:02,761 INFO [httpx2] HTTP Request: GET http://testserver/api/v1/health "HTTP/1.1 200 OK"
2026-08-05 21:55:02,761 INFO [httpx2] HTTP Request: GET http://testserver/api/v1/health "HTTP/1.1 200 OK"
2026-08-05 21:55:02,766 INFO [httpx2] HTTP Request: GET http://testserver/api/v1/data "HTTP/1.1 200 OK"
2026-08-05 21:55:02,766 INFO [httpx2] HTTP Request: GET http://testserver/api/v1/data "HTTP/1.1 200 OK"
2026-08-05 21:55:02,766 INFO [httpx2] HTTP Request: GET http://testserver/api/v1/data "HTTP/1.1 200 OK"
2026-08-05 21:55:02,766 INFO [httpx2] HTTP Request: GET http://testserver/api/v1/data "HTTP/1.1 200 OK"
2026-08-05 21:55:02,766 INFO [httpx2] HTTP Request: GET http://testserver/api/v1/data "HTTP/1.1 200 OK"
2026-08-05 21:55:02,766 INFO [httpx2] HTTP Request: GET http://testserver/api/v1/data "HTTP/1.1 200 OK"
2026-08-05 21:55:02,766 INFO [httpx2] HTTP Request: GET http://testserver/api/v1/data "HTTP/1.1 200 OK"
2026-08-05 21:55:02,766 INFO [httpx2] HTTP Request: GET http://testserver/api/v1/data "HTTP/1.1 200 OK"
2026-08-05 21:55:02,766 INFO [httpx2] HTTP Request: GET http://testserver/api/v1/data "HTTP/1.1 200 OK"
2026-08-05 21:55:02,766 INFO [httpx2] HTTP Request: GET http://testserver/api/v1/data "HTTP/1.1 200 OK"
2026-08-05 21:55:02,766 INFO [httpx2] HTTP Request: GET http://testserver/api/v1/data "HTTP/1.1 200 OK"
2026-08-05 21:55:02,766 INFO [httpx2] HTTP Request: GET http://testserver/api/v1/data "HTTP/1.1 200 OK"
2026-08-05 21:55:02,766 INFO [httpx2] HTTP Request: GET http://testserver/api/v1/data "HTTP/1.1 200 OK"
2026-08-05 21:55:02,766 INFO [httpx2] HTTP Request: GET http://testserver/api/v1/data "HTTP/1.1 200 OK"
2026-08-05 21:55:02,766 INFO [httpx2] HTTP Request: GET http://testserver/api/v1/data "HTTP/1.1 200 OK"
2026-08-05 21:55:02,766 INFO [httpx2] HTTP Request: GET http://testserver/api/v1/data "HTTP/1.1 200 OK"
2026-08-05 21:55:02,768 INFO [httpx2] HTTP Request: GET http://testserver/api/v1/data "HTTP/1.1 200 OK"
2026-08-05 21:55:02,768 INFO [httpx2] HTTP Request: GET http://testserver/api/v1/data "HTTP/1.1 200 OK"
2026-08-05 21:55:02,768 INFO [httpx2] HTTP Request: GET http://testserver/api/v1/data "HTTP/1.1 200 OK"
2026-08-05 21:55:02,768 INFO [httpx2] HTTP Request: GET http://testserver/api/v1/data "HTTP/1.1 200 OK"
2026-08-05 21:55:02,768 INFO [httpx2] HTTP Request: GET http://testserver/api/v1/data "HTTP/1.1 200 OK"
2026-08-05 21:55:02,768 INFO [httpx2] HTTP Request: GET http://testserver/api/v1/data "HTTP/1.1 200 OK"
2026-08-05 21:55:02,768 INFO [httpx2] HTTP Request: GET http://testserver/api/v1/data "HTTP/1.1 200 OK"
2026-08-05 21:55:02,768 INFO [httpx2] HTTP Request: GET http://testserver/api/v1/data "HTTP/1.1 200 OK"
2026-08-05 21:55:02,768 INFO [httpx2] HTTP Request: GET http://testserver/api/v1/data "HTTP/1.1 200 OK"
2026-08-05 21:55:02,768 INFO [httpx2] HTTP Request: GET http://testserver/api/v1/data "HTTP/1.1 200 OK"
2026-08-05 21:55:02,768 INFO [httpx2] HTTP Request: GET http://testserver/api/v1/data "HTTP/1.1 200 OK"
2026-08-05 21:55:02,768 INFO [httpx2] HTTP Request: GET http://testserver/api/v1/data "HTTP/1.1 200 OK"
2026-08-05 21:55:02,768 INFO [httpx2] HTTP Request: GET http://testserver/api/v1/data "HTTP/1.1 200 OK"
2026-08-05 21:55:02,768 INFO [httpx2] HTTP Request: GET http://testserver/api/v1/data "HTTP/1.1 200 OK"
2026-08-05 21:55:02,768 INFO [httpx2] HTTP Request: GET http://testserver/api/v1/data "HTTP/1.1 200 OK"
2026-08-05 21:55:02,768 INFO [httpx2] HTTP Request: GET http://testserver/api/v1/data "HTTP/1.1 200 OK"
2026-08-05 21:55:02,770 INFO [httpx2] HTTP Request: GET http://testserver/api/v1/data "HTTP/1.1 200 OK"
2026-08-05 21:55:02,770 INFO [httpx2] HTTP Request: GET http://testserver/api/v1/data "HTTP/1.1 200 OK"
2026-08-05 21:55:02,770 INFO [httpx2] HTTP Request: GET http://testserver/api/v1/data "HTTP/1.1 200 OK"
2026-08-05 21:55:02,770 INFO [httpx2] HTTP Request: GET http://testserver/api/v1/data "HTTP/1.1 200 OK"
2026-08-05 21:55:02,770 INFO [httpx2] HTTP Request: GET http://testserver/api/v1/data "HTTP/1.1 200 OK"
2026-08-05 21:55:02,770 INFO [httpx2] HTTP Request: GET http://testserver/api/v1/data "HTTP/1.1 200 OK"
2026-08-05 21:55:02,770 INFO [httpx2] HTTP Request: GET http://testserver/api/v1/data "HTTP/1.1 200 OK"
2026-08-05 21:55:02,770 INFO [httpx2] HTTP Request: GET http://testserver/api/v1/data "HTTP/1.1 200 OK"
2026-08-05 21:55:02,770 INFO [httpx2] HTTP Request: GET http://testserver/api/v1/data "HTTP/1.1 200 OK"
2026-08-05 21:55:02,770 INFO [httpx2] HTTP Request: GET http://testserver/api/v1/data "HTTP/1.1 200 OK"
2026-08-05 21:55:02,770 INFO [httpx2] HTTP Request: GET http://testserver/api/v1/data "HTTP/1.1 200 OK"
2026-08-05 21:55:02,770 INFO [httpx2] HTTP Request: GET http://testserver/api/v1/data "HTTP/1.1 200 OK"
2026-08-05 21:55:02,770 INFO [httpx2] HTTP Request: GET http://testserver/api/v1/data "HTTP/1.1 200 OK"
2026-08-05 21:55:02,770 INFO [httpx2] HTTP Request: GET http://testserver/api/v1/data "HTTP/1.1 200 OK"
2026-08-05 21:55:02,770 INFO [httpx2] HTTP Request: GET http://testserver/api/v1/data "HTTP/1.1 200 OK"
2026-08-05 21:55:02,770 INFO [httpx2] HTTP Request: GET http://testserver/api/v1/data "HTTP/1.1 200 OK"
2026-08-05 21:55:02,771 INFO [httpx2] HTTP Request: GET http://testserver/api/v1/data "HTTP/1.1 429 Too Many Requests"
2026-08-05 21:55:02,771 INFO [httpx2] HTTP Request: GET http://testserver/api/v1/data "HTTP/1.1 429 Too Many Requests"
2026-08-05 21:55:02,771 INFO [httpx2] HTTP Request: GET http://testserver/api/v1/data "HTTP/1.1 429 Too Many Requests"
2026-08-05 21:55:02,771 INFO [httpx2] HTTP Request: GET http://testserver/api/v1/data "HTTP/1.1 429 Too Many Requests"
2026-08-05 21:55:02,771 INFO [httpx2] HTTP Request: GET http://testserver/api/v1/data "HTTP/1.1 429 Too Many Requests"
2026-08-05 21:55:02,771 INFO [httpx2] HTTP Request: GET http://testserver/api/v1/data "HTTP/1.1 429 Too Many Requests"
2026-08-05 21:55:02,771 INFO [httpx2] HTTP Request: GET http://testserver/api/v1/data "HTTP/1.1 429 Too Many Requests"
2026-08-05 21:55:02,771 INFO [httpx2] HTTP Request: GET http://testserver/api/v1/data "HTTP/1.1 429 Too Many Requests"
2026-08-05 21:55:02,771 INFO [httpx2] HTTP Request: GET http://testserver/api/v1/data "HTTP/1.1 429 Too Many Requests"
2026-08-05 21:55:02,771 INFO [httpx2] HTTP Request: GET http://testserver/api/v1/data "HTTP/1.1 429 Too Many Requests"
2026-08-05 21:55:02,771 INFO [httpx2] HTTP Request: GET http://testserver/api/v1/data "HTTP/1.1 429 Too Many Requests"
2026-08-05 21:55:02,771 INFO [httpx2] HTTP Request: GET http://testserver/api/v1/data "HTTP/1.1 429 Too Many Requests"
2026-08-05 21:55:02,771 INFO [httpx2] HTTP Request: GET http://testserver/api/v1/data "HTTP/1.1 429 Too Many Requests"
2026-08-05 21:55:02,771 INFO [httpx2] HTTP Request: GET http://testserver/api/v1/data "HTTP/1.1 429 Too Many Requests"
2026-08-05 21:55:02,771 INFO [httpx2] HTTP Request: GET http://testserver/api/v1/data "HTTP/1.1 429 Too Many Requests"
2026-08-05 21:55:02,771 INFO [httpx2] HTTP Request: GET http://testserver/api/v1/data "HTTP/1.1 429 Too Many Requests"
2026-08-05 21:55:02,775 INFO [httpx2] HTTP Request: POST http://testserver/api/v1/data "HTTP/1.1 413 Request Entity Too Large"
2026-08-05 21:55:02,775 INFO [httpx2] HTTP Request: POST http://testserver/api/v1/data "HTTP/1.1 413 Request Entity Too Large"
2026-08-05 21:55:02,775 INFO [httpx2] HTTP Request: POST http://testserver/api/v1/data "HTTP/1.1 413 Request Entity Too Large"
2026-08-05 21:55:02,775 INFO [httpx2] HTTP Request: POST http://testserver/api/v1/data "HTTP/1.1 413 Request Entity Too Large"
2026-08-05 21:55:02,775 INFO [httpx2] HTTP Request: POST http://testserver/api/v1/data "HTTP/1.1 413 Request Entity Too Large"
2026-08-05 21:55:02,775 INFO [httpx2] HTTP Request: POST http://testserver/api/v1/data "HTTP/1.1 413 Request Entity Too Large"
2026-08-05 21:55:02,775 INFO [httpx2] HTTP Request: POST http://testserver/api/v1/data "HTTP/1.1 413 Request Entity Too Large"
2026-08-05 21:55:02,775 INFO [httpx2] HTTP Request: POST http://testserver/api/v1/data "HTTP/1.1 413 Request Entity Too Large"
2026-08-05 21:55:02,775 INFO [httpx2] HTTP Request: POST http://testserver/api/v1/data "HTTP/1.1 413 Request Entity Too Large"
2026-08-05 21:55:02,775 INFO [httpx2] HTTP Request: POST http://testserver/api/v1/data "HTTP/1.1 413 Request Entity Too Large"
2026-08-05 21:55:02,775 INFO [httpx2] HTTP Request: POST http://testserver/api/v1/data "HTTP/1.1 413 Request Entity Too Large"
2026-08-05 21:55:02,775 INFO [httpx2] HTTP Request: POST http://testserver/api/v1/data "HTTP/1.1 413 Request Entity Too Large"
2026-08-05 21:55:02,775 INFO [httpx2] HTTP Request: POST http://testserver/api/v1/data "HTTP/1.1 413 Request Entity Too Large"
2026-08-05 21:55:02,775 INFO [httpx2] HTTP Request: POST http://testserver/api/v1/data "HTTP/1.1 413 Request Entity Too Large"
2026-08-05 21:55:02,775 INFO [httpx2] HTTP Request: POST http://testserver/api/v1/data "HTTP/1.1 413 Request Entity Too Large"
2026-08-05 21:55:02,775 INFO [httpx2] HTTP Request: POST http://testserver/api/v1/data "HTTP/1.1 413 Request Entity Too Large"
2026-08-05 21:55:44,927 INFO [httpx2] HTTP Request: GET http://testserver/ "HTTP/1.1 200 OK"
2026-08-05 21:55:44,929 INFO [httpx2] HTTP Request: GET http://testserver/api/v1/health "HTTP/1.1 200 OK"
2026-08-05 21:55:44,931 INFO [httpx2] HTTP Request: GET http://testserver/api/v1/ready "HTTP/1.1 200 OK"
2026-08-05 21:55:44,933 INFO [httpx2] HTTP Request: GET http://testserver/api/v1/live "HTTP/1.1 200 OK"
2026-08-05 21:55:44,935 INFO [httpx2] HTTP Request: GET http://testserver/metrics "HTTP/1.1 200 OK"
2026-08-05 21:55:44,937 INFO [httpx2] HTTP Request: GET http://testserver/api/v1/check/llm "HTTP/1.1 200 OK"
2026-08-05 21:55:44,939 INFO [httpx2] HTTP Request: GET http://testserver/docs "HTTP/1.1 200 OK"
2026-08-05 21:55:48,446 INFO [httpx2] HTTP Request: GET http://testserver/api/v1/check/database "HTTP/1.1 200 OK"
2026-08-05 21:55:50,872 INFO [httpx2] HTTP Request: GET http://testserver/api/v1/check/vector "HTTP/1.1 200 OK"
2026-08-05 21:55:50,875 INFO [httpx2] HTTP Request: GET http://testserver/ "HTTP/1.1 200 OK"
{"source": "llm", "event": "channel_test", "level": "info", "timestamp": "2026-08-05T16:29:35.504578Z"}
{"source": "qa_api", "event": "channel_test", "level": "info", "timestamp": "2026-08-05T16:29:35.505083Z"}
{"source": "main", "event": "channel_test", "level": "info", "timestamp": "2026-08-05T16:29:35.505366Z"}
{"env": "development", "version": "0.1.0", "event": "app.starting", "level": "info", "timestamp": "2026-08-05T16:29:43.018284Z"}
{"event": "HTTP Request: GET http://testserver/ \"HTTP/1.1 200 OK\"", "level": "info", "timestamp": "2026-08-05T16:29:43.025883Z"}
{"event": "app.stopping", "level": "info", "timestamp": "2026-08-05T16:29:43.026988Z"}
{"env": "development", "version": "0.1.0", "event": "app.starting", "level": "info", "timestamp": "2026-08-05T16:29:43.031716Z"}
{"event": "HTTP Request: GET http://testserver/api/v1/health \"HTTP/1.1 200 OK\"", "level": "info", "timestamp": "2026-08-05T16:29:43.035575Z"}
{"event": "app.stopping", "level": "info", "timestamp": "2026-08-05T16:29:43.036633Z"}
{"env": "development", "version": "0.1.0", "event": "app.starting", "level": "info", "timestamp": "2026-08-05T16:29:43.041907Z"}
{"event": "HTTP Request: GET http://testserver/api/v1/ready \"HTTP/1.1 200 OK\"", "level": "info", "timestamp": "2026-08-05T16:29:43.045443Z"}
{"event": "app.stopping", "level": "info", "timestamp": "2026-08-05T16:29:43.046156Z"}
{"env": "development", "version": "0.1.0", "event": "app.starting", "level": "info", "timestamp": "2026-08-05T16:29:43.051740Z"}
{"event": "HTTP Request: GET http://testserver/api/v1/live \"HTTP/1.1 200 OK\"", "level": "info", "timestamp": "2026-08-05T16:29:43.054108Z"}
{"event": "app.stopping", "level": "info", "timestamp": "2026-08-05T16:29:43.054730Z"}
{"env": "development", "version": "0.1.0", "event": "app.starting", "level": "info", "timestamp": "2026-08-05T16:29:43.058545Z"}
{"event": "HTTP Request: GET http://testserver/api/v1/check/llm \"HTTP/1.1 200 OK\"", "level": "info", "timestamp": "2026-08-05T16:29:43.060977Z"}
{"event": "app.stopping", "level": "info", "timestamp": "2026-08-05T16:29:43.061671Z"}
{"env": "development", "version": "0.1.0", "event": "app.starting", "level": "info", "timestamp": "2026-08-05T16:29:43.066258Z"}
{"error": "Couldn't connect to localhost:7687 (resolved to ('[::1]:7687', '127.0.0.1:7687')):\nTimed out trying to establish connection to ResolvedIPv6Address(('::1', 7687, 0, 0))\nFailed to establish connection to ResolvedIPv4Address(('127.0.0.1', 7687)) (reason [WinError 10061] No connection could be made because the target machine actively refused it)", "event": "health.database_failed", "level": "warning", "timestamp": "2026-08-05T16:29:46.573739Z"}
{"event": "HTTP Request: GET http://testserver/api/v1/check/database \"HTTP/1.1 200 OK\"", "level": "info", "timestamp": "2026-08-05T16:29:46.575599Z"}
{"event": "app.stopping", "level": "info", "timestamp": "2026-08-05T16:29:46.576688Z"}
{"env": "development", "version": "0.1.0", "event": "app.starting", "level": "info", "timestamp": "2026-08-05T16:29:46.583147Z"}
{"error": "timed out", "event": "health.vector_failed", "level": "warning", "timestamp": "2026-08-05T16:29:48.991833Z"}
{"event": "HTTP Request: GET http://testserver/api/v1/check/vector \"HTTP/1.1 200 OK\"", "level": "info", "timestamp": "2026-08-05T16:29:48.995344Z"}
{"event": "app.stopping", "level": "info", "timestamp": "2026-08-05T16:29:48.996651Z"}
{"env": "development", "version": "0.1.0", "event": "app.starting", "level": "info", "timestamp": "2026-08-05T16:29:49.003133Z"}
{"error": "Couldn't connect to localhost:7687 (resolved to ('[::1]:7687', '127.0.0.1:7687')):\nTimed out trying to establish connection to ResolvedIPv6Address(('::1', 7687, 0, 0))\nFailed to establish connection to ResolvedIPv4Address(('127.0.0.1', 7687)) (reason [WinError 10061] No connection could be made because the target machine actively refused it)", "event": "health.database_failed", "level": "warning", "timestamp": "2026-08-05T16:29:52.051825Z"}
{"event": "HTTP Request: GET http://testserver/api/v1/check/database \"HTTP/1.1 200 OK\"", "level": "info", "timestamp": "2026-08-05T16:29:52.054759Z"}
{"error": "timed out", "event": "health.vector_failed", "level": "warning", "timestamp": "2026-08-05T16:29:54.452984Z"}
{"event": "HTTP Request: GET http://testserver/api/v1/check/vector \"HTTP/1.1 200 OK\"", "level": "info", "timestamp": "2026-08-05T16:29:54.456298Z"}
{"event": "HTTP Request: GET http://testserver/api/v1/check/llm \"HTTP/1.1 200 OK\"", "level": "info", "timestamp": "2026-08-05T16:29:54.458117Z"}
{"event": "app.stopping", "level": "info", "timestamp": "2026-08-05T16:29:54.459008Z"}
{"file": "C:\\Users\\Krish\\AppData\\Local\\Temp\\pytest-of-Krish\\pytest-23\\test_parse_returns_hierarchy0\\test_act.pdf", "ext": ".pdf", "event": "ingestion.start", "level": "info", "timestamp": "2026-08-05T16:29:54.523560Z"}
{"lang": "en", "file": "C:\\Users\\Krish\\AppData\\Local\\Temp\\pytest-of-Krish\\pytest-23\\test_parse_returns_hierarchy0\\test_act.pdf", "event": "language.detected", "level": "info", "timestamp": "2026-08-05T16:29:54.845590Z"}
{"file": "C:\\Users\\Krish\\AppData\\Local\\Temp\\pytest-of-Krish\\pytest-23\\test_parse_returns_hierarchy0\\test_act.pdf", "output": "C:\\Users\\Krish\\Project2\\data\\processed\\df3f40ebe97f25ae.json", "doc_id": "df3f40ebe97f25ae", "event": "ingestion.complete", "level": "info", "timestamp": "2026-08-05T16:29:54.848848Z"}
{"document_id": "df3f40ebe97f25ae", "event": "hierarchy.parse.start", "level": "info", "timestamp": "2026-08-05T16:29:54.850398Z"}
{"document_id": "df3f40ebe97f25ae", "nodes": 11, "warnings": 0, "event": "hierarchy.parse.complete", "level": "info", "timestamp": "2026-08-05T16:29:54.851239Z"}
{"file": "C:\\Users\\Krish\\AppData\\Local\\Temp\\pytest-of-Krish\\pytest-23\\test_parse_finds_chapters0\\test_act.pdf", "ext": ".pdf", "event": "ingestion.start", "level": "info", "timestamp": "2026-08-05T16:29:54.856497Z"}
{"lang": "en", "file": "C:\\Users\\Krish\\AppData\\Local\\Temp\\pytest-of-Krish\\pytest-23\\test_parse_finds_chapters0\\test_act.pdf", "event": "language.detected", "level": "info", "timestamp": "2026-08-05T16:29:54.914441Z"}
{"file": "C:\\Users\\Krish\\AppData\\Local\\Temp\\pytest-of-Krish\\pytest-23\\test_parse_finds_chapters0\\test_act.pdf", "output": "C:\\Users\\Krish\\Project2\\data\\processed\\36982f9906baa038.json", "doc_id": "36982f9906baa038", "event": "ingestion.complete", "level": "info", "timestamp": "2026-08-05T16:29:54.916599Z"}
{"document_id": "36982f9906baa038", "event": "hierarchy.parse.start", "level": "info", "timestamp": "2026-08-05T16:29:54.917776Z"}
{"document_id": "36982f9906baa038", "nodes": 11, "warnings": 0, "event": "hierarchy.parse.complete", "level": "info", "timestamp": "2026-08-05T16:29:54.918494Z"}
{"file": "C:\\Users\\Krish\\AppData\\Local\\Temp\\pytest-of-Krish\\pytest-23\\test_parse_finds_sections0\\test_act.pdf", "ext": ".pdf", "event": "ingestion.start", "level": "info", "timestamp": "2026-08-05T16:29:54.924611Z"}
{"lang": "en", "file": "C:\\Users\\Krish\\AppData\\Local\\Temp\\pytest-of-Krish\\pytest-23\\test_parse_finds_sections0\\test_act.pdf", "event": "language.detected", "level": "info", "timestamp": "2026-08-05T16:29:54.992777Z"}
{"file": "C:\\Users\\Krish\\AppData\\Local\\Temp\\pytest-of-Krish\\pytest-23\\test_parse_finds_sections0\\test_act.pdf", "output": "C:\\Users\\Krish\\Project2\\data\\processed\\c60195402277f241.json", "doc_id": "c60195402277f241", "event": "ingestion.complete", "level": "info", "timestamp": "2026-08-05T16:29:54.995088Z"}
{"document_id": "c60195402277f241", "event": "hierarchy.parse.start", "level": "info", "timestamp": "2026-08-05T16:29:54.996222Z"}
{"document_id": "c60195402277f241", "nodes": 11, "warnings": 0, "event": "hierarchy.parse.complete", "level": "info", "timestamp": "2026-08-05T16:29:54.996832Z"}
{"file": "C:\\Users\\Krish\\AppData\\Local\\Temp\\pytest-of-Krish\\pytest-23\\test_parse_has_nested_set0\\test_act.pdf", "ext": ".pdf", "event": "ingestion.start", "level": "info", "timestamp": "2026-08-05T16:29:55.002201Z"}
{"lang": "en", "file": "C:\\Users\\Krish\\AppData\\Local\\Temp\\pytest-of-Krish\\pytest-23\\test_parse_has_nested_set0\\test_act.pdf", "event": "language.detected", "level": "info", "timestamp": "2026-08-05T16:29:55.054772Z"}
{"file": "C:\\Users\\Krish\\AppData\\Local\\Temp\\pytest-of-Krish\\pytest-23\\test_parse_has_nested_set0\\test_act.pdf", "output": "C:\\Users\\Krish\\Project2\\data\\processed\\4b5568f69554753c.json", "doc_id": "4b5568f69554753c", "event": "ingestion.complete", "level": "info", "timestamp": "2026-08-05T16:29:55.057196Z"}
{"document_id": "4b5568f69554753c", "event": "hierarchy.parse.start", "level": "info", "timestamp": "2026-08-05T16:29:55.058338Z"}
{"document_id": "4b5568f69554753c", "nodes": 11, "warnings": 0, "event": "hierarchy.parse.complete", "level": "info", "timestamp": "2026-08-05T16:29:55.058994Z"}
{"file": "C:\\Users\\Krish\\AppData\\Local\\Temp\\pytest-of-Krish\\pytest-23\\test_parse_parent_child0\\test_act.pdf", "ext": ".pdf", "event": "ingestion.start", "level": "info", "timestamp": "2026-08-05T16:29:55.064247Z"}
{"lang": "en", "file": "C:\\Users\\Krish\\AppData\\Local\\Temp\\pytest-of-Krish\\pytest-23\\test_parse_parent_child0\\test_act.pdf", "event": "language.detected", "level": "info", "timestamp": "2026-08-05T16:29:55.120870Z"}
{"file": "C:\\Users\\Krish\\AppData\\Local\\Temp\\pytest-of-Krish\\pytest-23\\test_parse_parent_child0\\test_act.pdf", "output": "C:\\Users\\Krish\\Project2\\data\\processed\\42d07e6c3220d548.json", "doc_id": "42d07e6c3220d548", "event": "ingestion.complete", "level": "info", "timestamp": "2026-08-05T16:29:55.123013Z"}
{"document_id": "42d07e6c3220d548", "event": "hierarchy.parse.start", "level": "info", "timestamp": "2026-08-05T16:29:55.124158Z"}
{"document_id": "42d07e6c3220d548", "nodes": 11, "warnings": 0, "event": "hierarchy.parse.complete", "level": "info", "timestamp": "2026-08-05T16:29:55.124773Z"}
{"file": "C:\\Users\\Krish\\AppData\\Local\\Temp\\pytest-of-Krish\\pytest-23\\test_saves_json0\\test_act.pdf", "ext": ".pdf", "event": "ingestion.start", "level": "info", "timestamp": "2026-08-05T16:29:55.129920Z"}
{"lang": "en", "file": "C:\\Users\\Krish\\AppData\\Local\\Temp\\pytest-of-Krish\\pytest-23\\test_saves_json0\\test_act.pdf", "event": "language.detected", "level": "info", "timestamp": "2026-08-05T16:29:55.180946Z"}
{"file": "C:\\Users\\Krish\\AppData\\Local\\Temp\\pytest-of-Krish\\pytest-23\\test_saves_json0\\test_act.pdf", "output": "C:\\Users\\Krish\\Project2\\data\\processed\\3ed0bd7891ef7233.json", "doc_id": "3ed0bd7891ef7233", "event": "ingestion.complete", "level": "info", "timestamp": "2026-08-05T16:29:55.183467Z"}
{"document_id": "3ed0bd7891ef7233", "event": "hierarchy.parse.start", "level": "info", "timestamp": "2026-08-05T16:29:55.184951Z"}
{"document_id": "3ed0bd7891ef7233", "nodes": 11, "warnings": 0, "event": "hierarchy.parse.complete", "level": "info", "timestamp": "2026-08-05T16:29:55.185646Z"}
{"path": "C:\\Users\\Krish\\Project2\\data\\hierarchy\\3ed0bd7891ef7233.json", "event": "hierarchy.saved", "level": "info", "timestamp": "2026-08-05T16:29:55.186788Z"}
{"file": "C:\\Users\\Krish\\AppData\\Local\\Temp\\pytest-of-Krish\\pytest-23\\test_saved_json_has_correct_st0\\test_act.pdf", "ext": ".pdf", "event": "ingestion.start", "level": "info", "timestamp": "2026-08-05T16:29:55.192856Z"}
{"lang": "en", "file": "C:\\Users\\Krish\\AppData\\Local\\Temp\\pytest-of-Krish\\pytest-23\\test_saved_json_has_correct_st0\\test_act.pdf", "event": "language.detected", "level": "info", "timestamp": "2026-08-05T16:29:55.248171Z"}
{"file": "C:\\Users\\Krish\\AppData\\Local\\Temp\\pytest-of-Krish\\pytest-23\\test_saved_json_has_correct_st0\\test_act.pdf", "output": "C:\\Users\\Krish\\Project2\\data\\processed\\4bd29584744375f8.json", "doc_id": "4bd29584744375f8", "event": "ingestion.complete", "level": "info", "timestamp": "2026-08-05T16:29:55.250283Z"}
{"document_id": "4bd29584744375f8", "event": "hierarchy.parse.start", "level": "info", "timestamp": "2026-08-05T16:29:55.251539Z"}
{"document_id": "4bd29584744375f8", "nodes": 11, "warnings": 0, "event": "hierarchy.parse.complete", "level": "info", "timestamp": "2026-08-05T16:29:55.252180Z"}
{"path": "C:\\Users\\Krish\\Project2\\data\\hierarchy\\4bd29584744375f8.json", "event": "hierarchy.saved", "level": "info", "timestamp": "2026-08-05T16:29:55.253229Z"}
{"mode": "in-memory", "dim": 32, "event": "qdrant.connected", "level": "info", "timestamp": "2026-08-05T16:29:55.258769Z"}
{"collection": "documents", "dim": 32, "event": "qdrant.collection_created", "level": "info", "timestamp": "2026-08-05T16:29:55.259192Z"}
{"collection": "chapters", "dim": 32, "event": "qdrant.collection_created", "level": "info", "timestamp": "2026-08-05T16:29:55.259476Z"}
{"collection": "sections", "dim": 32, "event": "qdrant.collection_created", "level": "info", "timestamp": "2026-08-05T16:29:55.259713Z"}
{"collection": "clauses", "dim": 32, "event": "qdrant.collection_created", "level": "info", "timestamp": "2026-08-05T16:29:55.259938Z"}
{"doc_id": "doc1", "collections": {"documents": 1, "chapters": 2, "sections": 2}, "event": "index.graph_complete", "level": "info", "timestamp": "2026-08-05T16:29:55.261568Z"}
{"mode": "in-memory", "dim": 32, "event": "qdrant.connected", "level": "info", "timestamp": "2026-08-05T16:29:55.270350Z"}
{"collection": "documents", "dim": 32, "event": "qdrant.collection_created", "level": "info", "timestamp": "2026-08-05T16:29:55.270999Z"}
{"collection": "chapters", "dim": 32, "event": "qdrant.collection_created", "level": "info", "timestamp": "2026-08-05T16:29:55.271359Z"}
{"collection": "sections", "dim": 32, "event": "qdrant.collection_created", "level": "info", "timestamp": "2026-08-05T16:29:55.272405Z"}
{"collection": "clauses", "dim": 32, "event": "qdrant.collection_created", "level": "info", "timestamp": "2026-08-05T16:29:55.273270Z"}
{"doc_id": "doc1", "collections": {"documents": 1, "chapters": 2, "sections": 2}, "event": "index.graph_complete", "level": "info", "timestamp": "2026-08-05T16:29:55.274918Z"}
{"mode": "in-memory", "dim": 32, "event": "qdrant.connected", "level": "info", "timestamp": "2026-08-05T16:29:55.280917Z"}
{"collection": "documents", "dim": 32, "event": "qdrant.collection_created", "level": "info", "timestamp": "2026-08-05T16:29:55.281433Z"}
{"collection": "chapters", "dim": 32, "event": "qdrant.collection_created", "level": "info", "timestamp": "2026-08-05T16:29:55.281718Z"}
{"collection": "sections", "dim": 32, "event": "qdrant.collection_created", "level": "info", "timestamp": "2026-08-05T16:29:55.281958Z"}
{"collection": "clauses", "dim": 32, "event": "qdrant.collection_created", "level": "info", "timestamp": "2026-08-05T16:29:55.282208Z"}
{"doc_id": "doc1", "collections": {"documents": 1, "chapters": 2, "sections": 2}, "event": "index.graph_complete", "level": "info", "timestamp": "2026-08-05T16:29:55.283693Z"}
{"mode": "in-memory", "dim": 32, "event": "qdrant.connected", "level": "info", "timestamp": "2026-08-05T16:29:55.292687Z"}
{"collection": "documents", "dim": 32, "event": "qdrant.collection_created", "level": "info", "timestamp": "2026-08-05T16:29:55.293707Z"}
{"collection": "chapters", "dim": 32, "event": "qdrant.collection_created", "level": "info", "timestamp": "2026-08-05T16:29:55.294248Z"}
{"collection": "sections", "dim": 32, "event": "qdrant.collection_created", "level": "info", "timestamp": "2026-08-05T16:29:55.294747Z"}
{"collection": "clauses", "dim": 32, "event": "qdrant.collection_created", "level": "info", "timestamp": "2026-08-05T16:29:55.295295Z"}
{"doc_id": "doc1", "collections": {"documents": 1, "chapters": 2, "sections": 2}, "event": "index.graph_complete", "level": "info", "timestamp": "2026-08-05T16:29:55.297853Z"}
{"mode": "in-memory", "dim": 32, "event": "qdrant.connected", "level": "info", "timestamp": "2026-08-05T16:29:55.305621Z"}
{"collection": "documents", "dim": 32, "event": "qdrant.collection_created", "level": "info", "timestamp": "2026-08-05T16:29:55.306371Z"}
{"collection": "chapters", "dim": 32, "event": "qdrant.collection_created", "level": "info", "timestamp": "2026-08-05T16:29:55.306781Z"}
{"collection": "sections", "dim": 32, "event": "qdrant.collection_created", "level": "info", "timestamp": "2026-08-05T16:29:55.307253Z"}
{"collection": "clauses", "dim": 32, "event": "qdrant.collection_created", "level": "info", "timestamp": "2026-08-05T16:29:55.307585Z"}
{"doc_id": "doc1", "collections": {"sections": 1}, "event": "index.graph_complete", "level": "info", "timestamp": "2026-08-05T16:29:55.309292Z"}
{"mode": "in-memory", "dim": 32, "event": "qdrant.connected", "level": "info", "timestamp": "2026-08-05T16:29:55.318105Z"}
{"collection": "documents", "dim": 32, "event": "qdrant.collection_created", "level": "info", "timestamp": "2026-08-05T16:29:55.318966Z"}
{"collection": "chapters", "dim": 32, "event": "qdrant.collection_created", "level": "info", "timestamp": "2026-08-05T16:29:55.319352Z"}
{"collection": "sections", "dim": 32, "event": "qdrant.collection_created", "level": "info", "timestamp": "2026-08-05T16:29:55.319725Z"}
{"collection": "clauses", "dim": 32, "event": "qdrant.collection_created", "level": "info", "timestamp": "2026-08-05T16:29:55.320049Z"}
{"doc_id": "doc1", "collections": {"documents": 1, "chapters": 2, "sections": 2}, "event": "index.graph_complete", "level": "info", "timestamp": "2026-08-05T16:29:55.322241Z"}
{"mode": "in-memory", "dim": 32, "event": "qdrant.connected", "level": "info", "timestamp": "2026-08-05T16:29:55.331265Z"}
{"collection": "documents", "dim": 32, "event": "qdrant.collection_created", "level": "info", "timestamp": "2026-08-05T16:29:55.331990Z"}
{"collection": "chapters", "dim": 32, "event": "qdrant.collection_created", "level": "info", "timestamp": "2026-08-05T16:29:55.332351Z"}
{"collection": "sections", "dim": 32, "event": "qdrant.collection_created", "level": "info", "timestamp": "2026-08-05T16:29:55.332806Z"}
{"collection": "clauses", "dim": 32, "event": "qdrant.collection_created", "level": "info", "timestamp": "2026-08-05T16:29:55.333205Z"}
{"doc_id": "docA", "collections": {"documents": 1, "chapters": 1}, "event": "index.hierarchy_complete", "level": "info", "timestamp": "2026-08-05T16:29:55.338340Z"}
{"mode": "in-memory", "dim": 32, "event": "qdrant.connected", "level": "info", "timestamp": "2026-08-05T16:29:55.347471Z"}
{"collection": "documents", "dim": 32, "event": "qdrant.collection_created", "level": "info", "timestamp": "2026-08-05T16:29:55.348300Z"}
{"collection": "chapters", "dim": 32, "event": "qdrant.collection_created", "level": "info", "timestamp": "2026-08-05T16:29:55.348858Z"}
{"collection": "sections", "dim": 32, "event": "qdrant.collection_created", "level": "info", "timestamp": "2026-08-05T16:29:55.349398Z"}
{"collection": "clauses", "dim": 32, "event": "qdrant.collection_created", "level": "info", "timestamp": "2026-08-05T16:29:55.349944Z"}
{"doc_id": "doc1", "collections": {"documents": 1, "chapters": 2, "sections": 2}, "event": "index.graph_complete", "level": "info", "timestamp": "2026-08-05T16:29:55.352340Z"}
{"doc_id": "doc1", "indexed": 0, "skipped": 5, "event": "index.incremental_complete", "level": "info", "timestamp": "2026-08-05T16:29:55.353209Z"}
{"mode": "in-memory", "dim": 32, "event": "qdrant.connected", "level": "info", "timestamp": "2026-08-05T16:29:55.362324Z"}
{"collection": "documents", "dim": 32, "event": "qdrant.collection_created", "level": "info", "timestamp": "2026-08-05T16:29:55.363109Z"}
{"collection": "chapters", "dim": 32, "event": "qdrant.collection_created", "level": "info", "timestamp": "2026-08-05T16:29:55.363508Z"}
{"collection": "sections", "dim": 32, "event": "qdrant.collection_created", "level": "info", "timestamp": "2026-08-05T16:29:55.363878Z"}
{"collection": "clauses", "dim": 32, "event": "qdrant.collection_created", "level": "info", "timestamp": "2026-08-05T16:29:55.364244Z"}
{"doc_id": "doc1", "collections": {"documents": 1, "chapters": 2, "sections": 2}, "event": "index.graph_complete", "level": "info", "timestamp": "2026-08-05T16:29:55.366355Z"}
{"doc_id": "doc1", "indexed": 1, "skipped": 5, "event": "index.incremental_complete", "level": "info", "timestamp": "2026-08-05T16:29:55.367414Z"}
{"mode": "in-memory", "dim": 32, "event": "qdrant.connected", "level": "info", "timestamp": "2026-08-05T16:29:55.375648Z"}
{"collection": "documents", "dim": 32, "event": "qdrant.collection_created", "level": "info", "timestamp": "2026-08-05T16:29:55.376409Z"}
{"collection": "chapters", "dim": 32, "event": "qdrant.collection_created", "level": "info", "timestamp": "2026-08-05T16:29:55.376786Z"}
{"collection": "sections", "dim": 32, "event": "qdrant.collection_created", "level": "info", "timestamp": "2026-08-05T16:29:55.377110Z"}
{"collection": "clauses", "dim": 32, "event": "qdrant.collection_created", "level": "info", "timestamp": "2026-08-05T16:29:55.377417Z"}
{"doc_id": "doc1", "collections": {"documents": 1, "chapters": 2, "sections": 2}, "event": "index.graph_complete", "level": "info", "timestamp": "2026-08-05T16:29:55.379570Z"}
{"doc_id": "doc1", "indexed": 1, "skipped": 4, "event": "index.incremental_complete", "level": "info", "timestamp": "2026-08-05T16:29:55.380512Z"}
{"mode": "in-memory", "dim": 32, "event": "qdrant.connected", "level": "info", "timestamp": "2026-08-05T16:29:55.389288Z"}
{"collection": "documents", "dim": 32, "event": "qdrant.collection_created", "level": "info", "timestamp": "2026-08-05T16:29:55.390148Z"}
{"collection": "chapters", "dim": 32, "event": "qdrant.collection_created", "level": "info", "timestamp": "2026-08-05T16:29:55.390545Z"}
{"collection": "sections", "dim": 32, "event": "qdrant.collection_created", "level": "info", "timestamp": "2026-08-05T16:29:55.390915Z"}
{"collection": "clauses", "dim": 32, "event": "qdrant.collection_created", "level": "info", "timestamp": "2026-08-05T16:29:55.391330Z"}
{"doc_id": "doc1", "collections": {"documents": 1, "chapters": 2, "sections": 2}, "event": "index.graph_complete", "level": "info", "timestamp": "2026-08-05T16:29:55.393438Z"}
{"doc_id": "doc1", "indexed": 0, "skipped": 5, "event": "index.incremental_complete", "level": "info", "timestamp": "2026-08-05T16:29:55.394180Z"}
{"mode": "in-memory", "dim": 32, "event": "qdrant.connected", "level": "info", "timestamp": "2026-08-05T16:29:55.403747Z"}
{"collection": "documents", "dim": 32, "event": "qdrant.collection_created", "level": "info", "timestamp": "2026-08-05T16:29:55.404738Z"}
{"collection": "chapters", "dim": 32, "event": "qdrant.collection_created", "level": "info", "timestamp": "2026-08-05T16:29:55.405075Z"}
{"collection": "sections", "dim": 32, "event": "qdrant.collection_created", "level": "info", "timestamp": "2026-08-05T16:29:55.405459Z"}
{"collection": "clauses", "dim": 32, "event": "qdrant.collection_created", "level": "info", "timestamp": "2026-08-05T16:29:55.405835Z"}
{"doc_id": "doc1", "collections": {"documents": 1, "chapters": 2, "sections": 2}, "event": "index.graph_complete", "level": "info", "timestamp": "2026-08-05T16:29:55.408136Z"}
{"doc_id": "doc1", "indexed": 0, "skipped": 5, "event": "index.incremental_complete", "level": "info", "timestamp": "2026-08-05T16:29:55.408922Z"}
{"indexed": 0, "skipped": 5, "collections": {}, "deleted": 1, "event": "index.sync_complete", "level": "info", "timestamp": "2026-08-05T16:29:55.409634Z"}
{"file": "C:\\Users\\Krish\\AppData\\Local\\Temp\\pytest-of-Krish\\pytest-23\\test_import_creates_nodes0\\test_doc_01.json", "nodes": 4, "edges": 5, "event": "import.complete", "level": "info", "timestamp": "2026-08-05T16:29:55.419832Z"}
{"file": "C:\\Users\\Krish\\AppData\\Local\\Temp\\pytest-of-Krish\\pytest-23\\test_import_creates_part_of_ed0\\test_doc_01.json", "nodes": 4, "edges": 5, "event": "import.complete", "level": "info", "timestamp": "2026-08-05T16:29:55.424384Z"}
{"file": "C:\\Users\\Krish\\AppData\\Local\\Temp\\pytest-of-Krish\\pytest-23\\test_import_extracts_citations0\\test_doc_01.json", "nodes": 4, "edges": 5, "event": "import.complete", "level": "info", "timestamp": "2026-08-05T16:29:55.430274Z"}
{"file": "C:\\Users\\Krish\\AppData\\Local\\Temp\\pytest-of-Krish\\pytest-23\\test_import_document_node0\\test_doc_01.json", "nodes": 4, "edges": 5, "event": "import.complete", "level": "info", "timestamp": "2026-08-05T16:29:55.437643Z"}
{"file": "C:\\Users\\Krish\\AppData\\Local\\Temp\\pytest-of-Krish\\pytest-23\\test_import_all0\\hierarchy\\doc_a.json", "nodes": 2, "edges": 1, "event": "import.complete", "level": "info", "timestamp": "2026-08-05T16:29:55.443301Z"}
{"files": 1, "nodes": 2, "edges": 1, "event": "import.all_complete", "level": "info", "timestamp": "2026-08-05T16:29:55.443755Z"}
{"url": "http://x/v1/chat/completions", "error": "boom", "event": "llm.request_failed", "level": "error", "timestamp": "2026-08-05T16:29:55.496498Z"}
{"url": "http://x/v1/chat/completions", "body": {"foo": "bar"}, "event": "llm.bad_response", "level": "error", "timestamp": "2026-08-05T16:29:55.498763Z"}
{"mode": "in-memory", "dim": 32, "event": "qdrant.connected", "level": "info", "timestamp": "2026-08-05T16:29:55.656703Z"}
{"collection": "documents", "dim": 32, "event": "qdrant.collection_created", "level": "info", "timestamp": "2026-08-05T16:29:55.657305Z"}
{"collection": "chapters", "dim": 32, "event": "qdrant.collection_created", "level": "info", "timestamp": "2026-08-05T16:29:55.657578Z"}
{"collection": "sections", "dim": 32, "event": "qdrant.collection_created", "level": "info", "timestamp": "2026-08-05T16:29:55.657817Z"}
{"collection": "clauses", "dim": 32, "event": "qdrant.collection_created", "level": "info", "timestamp": "2026-08-05T16:29:55.658075Z"}
{"doc_id": "doc1", "collections": {"documents": 1, "chapters": 2, "sections": 3}, "event": "index.graph_complete", "level": "info", "timestamp": "2026-08-05T16:29:55.659355Z"}
{"query": "performance of contracts", "seeds": 2, "candidates": 3, "returned": 3, "event": "retrieval.complete", "level": "info", "timestamp": "2026-08-05T16:29:55.660712Z"}
{"query": "performance of contracts", "seeds": 2, "candidates": 3, "returned": 3, "event": "retrieval.complete", "level": "info", "timestamp": "2026-08-05T16:29:55.662033Z"}
{"query": "performance of contracts", "candidates": 6, "returned": 5, "event": "retrieval.hybrid_complete", "level": "info", "timestamp": "2026-08-05T16:29:55.663037Z"}
{"query": "performance of contracts", "candidates": 5, "returned": 5, "confidence": 0.8006, "event": "explanation.complete", "level": "info", "timestamp": "2026-08-05T16:29:55.663595Z"}
{"mode": "in-memory", "dim": 32, "event": "qdrant.connected", "level": "info", "timestamp": "2026-08-05T16:29:55.670265Z"}
{"collection": "documents", "dim": 32, "event": "qdrant.collection_created", "level": "info", "timestamp": "2026-08-05T16:29:55.670803Z"}
{"collection": "chapters", "dim": 32, "event": "qdrant.collection_created", "level": "info", "timestamp": "2026-08-05T16:29:55.671097Z"}
{"collection": "sections", "dim": 32, "event": "qdrant.collection_created", "level": "info", "timestamp": "2026-08-05T16:29:55.671346Z"}
{"collection": "clauses", "dim": 32, "event": "qdrant.collection_created", "level": "info", "timestamp": "2026-08-05T16:29:55.671580Z"}
{"doc_id": "doc1", "collections": {"documents": 1, "chapters": 2, "sections": 3}, "event": "index.graph_complete", "level": "info", "timestamp": "2026-08-05T16:29:55.672804Z"}
{"query": "performance of contracts", "seeds": 2, "candidates": 3, "returned": 3, "event": "retrieval.complete", "level": "info", "timestamp": "2026-08-05T16:29:55.673960Z"}
{"query": "performance of contracts", "seeds": 2, "candidates": 3, "returned": 3, "event": "retrieval.complete", "level": "info", "timestamp": "2026-08-05T16:29:55.677517Z"}
{"query": "performance of contracts", "candidates": 6, "returned": 5, "event": "retrieval.hybrid_complete", "level": "info", "timestamp": "2026-08-05T16:29:55.678563Z"}
{"query": "performance of contracts", "candidates": 5, "returned": 5, "confidence": 0.8006, "event": "explanation.complete", "level": "info", "timestamp": "2026-08-05T16:29:55.679109Z"}
{"mode": "in-memory", "dim": 32, "event": "qdrant.connected", "level": "info", "timestamp": "2026-08-05T16:29:55.686026Z"}
{"collection": "documents", "dim": 32, "event": "qdrant.collection_created", "level": "info", "timestamp": "2026-08-05T16:29:55.686576Z"}
{"collection": "chapters", "dim": 32, "event": "qdrant.collection_created", "level": "info", "timestamp": "2026-08-05T16:29:55.686853Z"}
{"collection": "sections", "dim": 32, "event": "qdrant.collection_created", "level": "info", "timestamp": "2026-08-05T16:29:55.687098Z"}
{"collection": "clauses", "dim": 32, "event": "qdrant.collection_created", "level": "info", "timestamp": "2026-08-05T16:29:55.687351Z"}
{"doc_id": "doc1", "collections": {"documents": 1, "chapters": 2, "sections": 3}, "event": "index.graph_complete", "level": "info", "timestamp": "2026-08-05T16:29:55.689024Z"}
{"query": "performance of contracts", "seeds": 2, "candidates": 3, "returned": 3, "event": "retrieval.complete", "level": "info", "timestamp": "2026-08-05T16:29:55.691270Z"}
{"query": "performance of contracts", "seeds": 2, "candidates": 3, "returned": 3, "event": "retrieval.complete", "level": "info", "timestamp": "2026-08-05T16:29:55.693045Z"}
{"query": "performance of contracts", "candidates": 6, "returned": 5, "event": "retrieval.hybrid_complete", "level": "info", "timestamp": "2026-08-05T16:29:55.694349Z"}
{"query": "performance of contracts", "candidates": 5, "returned": 5, "confidence": 0.8006, "event": "explanation.complete", "level": "info", "timestamp": "2026-08-05T16:29:55.694893Z"}
{"mode": "in-memory", "dim": 32, "event": "qdrant.connected", "level": "info", "timestamp": "2026-08-05T16:29:55.703506Z"}
{"collection": "documents", "dim": 32, "event": "qdrant.collection_created", "level": "info", "timestamp": "2026-08-05T16:29:55.704062Z"}
{"collection": "chapters", "dim": 32, "event": "qdrant.collection_created", "level": "info", "timestamp": "2026-08-05T16:29:55.704337Z"}
{"collection": "sections", "dim": 32, "event": "qdrant.collection_created", "level": "info", "timestamp": "2026-08-05T16:29:55.704578Z"}
{"collection": "clauses", "dim": 32, "event": "qdrant.collection_created", "level": "info", "timestamp": "2026-08-05T16:29:55.704807Z"}
{"doc_id": "doc1", "collections": {"documents": 1, "chapters": 2, "sections": 3}, "event": "index.graph_complete", "level": "info", "timestamp": "2026-08-05T16:29:55.705866Z"}
{"query": "performance of contracts", "seeds": 2, "candidates": 3, "returned": 3, "event": "retrieval.complete", "level": "info", "timestamp": "2026-08-05T16:29:55.707136Z"}
{"query": "performance of contracts", "seeds": 2, "candidates": 3, "returned": 3, "event": "retrieval.complete", "level": "info", "timestamp": "2026-08-05T16:29:55.708236Z"}
{"query": "performance of contracts", "candidates": 6, "returned": 5, "event": "retrieval.hybrid_complete", "level": "info", "timestamp": "2026-08-05T16:29:55.709172Z"}
{"query": "performance of contracts", "candidates": 5, "returned": 5, "confidence": 0.8006, "event": "explanation.complete", "level": "info", "timestamp": "2026-08-05T16:29:55.709807Z"}
{"mode": "in-memory", "dim": 32, "event": "qdrant.connected", "level": "info", "timestamp": "2026-08-05T16:29:55.715724Z"}
{"collection": "documents", "dim": 32, "event": "qdrant.collection_created", "level": "info", "timestamp": "2026-08-05T16:29:55.716136Z"}
{"collection": "chapters", "dim": 32, "event": "qdrant.collection_created", "level": "info", "timestamp": "2026-08-05T16:29:55.716535Z"}
{"collection": "sections", "dim": 32, "event": "qdrant.collection_created", "level": "info", "timestamp": "2026-08-05T16:29:55.716915Z"}
{"collection": "clauses", "dim": 32, "event": "qdrant.collection_created", "level": "info", "timestamp": "2026-08-05T16:29:55.717175Z"}
{"doc_id": "doc1", "collections": {"documents": 1, "chapters": 2, "sections": 3}, "event": "index.graph_complete", "level": "info", "timestamp": "2026-08-05T16:29:55.718186Z"}
{"query": "section 4 performance", "seeds": 1, "candidates": 3, "returned": 3, "event": "retrieval.complete", "level": "info", "timestamp": "2026-08-05T16:29:55.719314Z"}
{"query": "section 4 performance", "seeds": 1, "candidates": 3, "returned": 3, "event": "retrieval.complete", "level": "info", "timestamp": "2026-08-05T16:29:55.720413Z"}
{"query": "section 4 performance", "candidates": 6, "returned": 5, "event": "retrieval.hybrid_complete", "level": "info", "timestamp": "2026-08-05T16:29:55.721358Z"}
{"query": "section 4 performance", "candidates": 5, "returned": 5, "confidence": 0.8549, "event": "explanation.complete", "level": "info", "timestamp": "2026-08-05T16:29:55.721837Z"}
{"mode": "in-memory", "dim": 32, "event": "qdrant.connected", "level": "info", "timestamp": "2026-08-05T16:29:55.728573Z"}
{"collection": "documents", "dim": 32, "event": "qdrant.collection_created", "level": "info", "timestamp": "2026-08-05T16:29:55.729065Z"}
{"collection": "chapters", "dim": 32, "event": "qdrant.collection_created", "level": "info", "timestamp": "2026-08-05T16:29:55.729328Z"}
{"collection": "sections", "dim": 32, "event": "qdrant.collection_created", "level": "info", "timestamp": "2026-08-05T16:29:55.729636Z"}
{"collection": "clauses", "dim": 32, "event": "qdrant.collection_created", "level": "info", "timestamp": "2026-08-05T16:29:55.729877Z"}
{"doc_id": "doc1", "collections": {"documents": 1, "chapters": 2, "sections": 3}, "event": "index.graph_complete", "level": "info", "timestamp": "2026-08-05T16:29:55.731169Z"}
{"query": "performance of contracts", "seeds": 2, "candidates": 3, "returned": 3, "event": "retrieval.complete", "level": "info", "timestamp": "2026-08-05T16:29:55.732414Z"}
{"query": "performance of contracts", "seeds": 2, "candidates": 3, "returned": 3, "event": "retrieval.complete", "level": "info", "timestamp": "2026-08-05T16:29:55.733502Z"}
{"query": "performance of contracts", "candidates": 6, "returned": 5, "event": "retrieval.hybrid_complete", "level": "info", "timestamp": "2026-08-05T16:29:55.734917Z"}
{"query": "performance of contracts", "candidates": 5, "returned": 5, "confidence": 0.8006, "event": "explanation.complete", "level": "info", "timestamp": "2026-08-05T16:29:55.735590Z"}
{"mode": "in-memory", "dim": 32, "event": "qdrant.connected", "level": "info", "timestamp": "2026-08-05T16:29:55.742877Z"}
{"collection": "documents", "dim": 32, "event": "qdrant.collection_created", "level": "info", "timestamp": "2026-08-05T16:29:55.743441Z"}
{"collection": "chapters", "dim": 32, "event": "qdrant.collection_created", "level": "info", "timestamp": "2026-08-05T16:29:55.743727Z"}
{"collection": "sections", "dim": 32, "event": "qdrant.collection_created", "level": "info", "timestamp": "2026-08-05T16:29:55.743966Z"}
{"collection": "clauses", "dim": 32, "event": "qdrant.collection_created", "level": "info", "timestamp": "2026-08-05T16:29:55.744353Z"}
{"doc_id": "doc1", "collections": {"documents": 1, "chapters": 2, "sections": 3}, "event": "index.graph_complete", "level": "info", "timestamp": "2026-08-05T16:29:55.745480Z"}
{"query": "performance of contracts", "seeds": 2, "candidates": 3, "returned": 3, "event": "retrieval.complete", "level": "info", "timestamp": "2026-08-05T16:29:55.746579Z"}
{"query": "performance of contracts", "seeds": 2, "candidates": 3, "returned": 3, "event": "retrieval.complete", "level": "info", "timestamp": "2026-08-05T16:29:55.747904Z"}
{"query": "performance of contracts", "candidates": 6, "returned": 5, "event": "retrieval.hybrid_complete", "level": "info", "timestamp": "2026-08-05T16:29:55.748862Z"}
{"query": "performance of contracts", "candidates": 5, "returned": 5, "confidence": 0.8006, "event": "explanation.complete", "level": "info", "timestamp": "2026-08-05T16:29:55.749326Z"}
{"query": "performance of contracts", "seeds": 2, "candidates": 3, "returned": 3, "event": "retrieval.complete", "level": "info", "timestamp": "2026-08-05T16:29:55.752320Z"}
{"query": "performance of contracts", "candidates": 3, "returned": 3, "confidence": 0.5213, "event": "explanation.complete", "level": "info", "timestamp": "2026-08-05T16:29:55.752866Z"}
{"query": "zzzqxwv unrelated gibberish", "event": "retrieval.no_seeds", "level": "info", "timestamp": "2026-08-05T16:29:55.754280Z"}
{"query": "zzzqxwv unrelated gibberish", "candidates": 0, "returned": 0, "confidence": 0.0, "event": "explanation.complete", "level": "info", "timestamp": "2026-08-05T16:29:55.754628Z"}
{"mode": "in-memory", "dim": 32, "event": "qdrant.connected", "level": "info", "timestamp": "2026-08-05T16:29:55.760965Z"}
{"collection": "documents", "dim": 32, "event": "qdrant.collection_created", "level": "info", "timestamp": "2026-08-05T16:29:55.761544Z"}
{"collection": "chapters", "dim": 32, "event": "qdrant.collection_created", "level": "info", "timestamp": "2026-08-05T16:29:55.761817Z"}
{"collection": "sections", "dim": 32, "event": "qdrant.collection_created", "level": "info", "timestamp": "2026-08-05T16:29:55.762062Z"}
{"collection": "clauses", "dim": 32, "event": "qdrant.collection_created", "level": "info", "timestamp": "2026-08-05T16:29:55.762302Z"}
{"doc_id": "docV", "collections": {"documents": 1, "chapters": 1, "sections": 1}, "event": "index.graph_complete", "level": "info", "timestamp": "2026-08-05T16:29:55.763148Z"}
{"query": "agreements without consideration are void", "seeds": 1, "candidates": 3, "returned": 3, "event": "retrieval.complete", "level": "info", "timestamp": "2026-08-05T16:29:55.764208Z"}
{"query": "agreements without consideration are void", "seeds": 1, "candidates": 3, "returned": 3, "event": "retrieval.complete", "level": "info", "timestamp": "2026-08-05T16:29:55.765768Z"}
{"query": "agreements without consideration are void", "candidates": 3, "returned": 3, "event": "retrieval.hybrid_complete", "level": "info", "timestamp": "2026-08-05T16:29:55.766833Z"}
{"query": "agreements without consideration are void", "candidates": 3, "returned": 3, "confidence": 0.803, "event": "explanation.complete", "level": "info", "timestamp": "2026-08-05T16:29:55.767324Z"}
{"mode": "in-memory", "dim": 32, "event": "qdrant.connected", "level": "info", "timestamp": "2026-08-05T16:29:55.773919Z"}
{"collection": "documents", "dim": 32, "event": "qdrant.collection_created", "level": "info", "timestamp": "2026-08-05T16:29:55.774367Z"}
{"collection": "chapters", "dim": 32, "event": "qdrant.collection_created", "level": "info", "timestamp": "2026-08-05T16:29:55.774629Z"}
{"collection": "sections", "dim": 32, "event": "qdrant.collection_created", "level": "info", "timestamp": "2026-08-05T16:29:55.774908Z"}
{"collection": "clauses", "dim": 32, "event": "qdrant.collection_created", "level": "info", "timestamp": "2026-08-05T16:29:55.775156Z"}
{"doc_id": "doc1", "collections": {"documents": 1, "chapters": 2, "sections": 3}, "event": "index.graph_complete", "level": "info", "timestamp": "2026-08-05T16:29:55.776241Z"}
{"query": "performance of contracts", "seeds": 2, "candidates": 3, "returned": 3, "event": "retrieval.complete", "level": "info", "timestamp": "2026-08-05T16:29:55.777300Z"}
{"query": "performance of contracts", "seeds": 2, "candidates": 3, "returned": 3, "event": "retrieval.complete", "level": "info", "timestamp": "2026-08-05T16:29:55.778373Z"}
{"query": "performance of contracts", "candidates": 6, "returned": 5, "event": "retrieval.hybrid_complete", "level": "info", "timestamp": "2026-08-05T16:29:55.779521Z"}
{"query": "performance of contracts", "candidates": 5, "returned": 5, "confidence": 0.8006, "event": "explanation.complete", "level": "info", "timestamp": "2026-08-05T16:29:55.780033Z"}
{"mode": "in-memory", "dim": 32, "event": "qdrant.connected", "level": "info", "timestamp": "2026-08-05T16:29:55.787112Z"}
{"collection": "documents", "dim": 32, "event": "qdrant.collection_created", "level": "info", "timestamp": "2026-08-05T16:29:55.787721Z"}
{"collection": "chapters", "dim": 32, "event": "qdrant.collection_created", "level": "info", "timestamp": "2026-08-05T16:29:55.787996Z"}
{"collection": "sections", "dim": 32, "event": "qdrant.collection_created", "level": "info", "timestamp": "2026-08-05T16:29:55.788234Z"}
{"collection": "clauses", "dim": 32, "event": "qdrant.collection_created", "level": "info", "timestamp": "2026-08-05T16:29:55.788560Z"}
{"doc_id": "doc1", "collections": {"documents": 1, "chapters": 2, "sections": 3}, "event": "index.graph_complete", "level": "info", "timestamp": "2026-08-05T16:29:55.791138Z"}
{"query": "performance of contracts", "seeds": 2, "candidates": 3, "returned": 3, "event": "retrieval.complete", "level": "info", "timestamp": "2026-08-05T16:29:55.792273Z"}
{"query": "performance of contracts", "seeds": 2, "candidates": 3, "returned": 3, "event": "retrieval.complete", "level": "info", "timestamp": "2026-08-05T16:29:55.793453Z"}
{"query": "performance of contracts", "candidates": 6, "returned": 5, "event": "retrieval.hybrid_complete", "level": "info", "timestamp": "2026-08-05T16:29:55.794453Z"}
{"query": "performance of contracts", "candidates": 5, "returned": 5, "confidence": 0.8006, "event": "explanation.complete", "level": "info", "timestamp": "2026-08-05T16:29:55.794945Z"}
{"mode": "in-memory", "dim": 32, "event": "qdrant.connected", "level": "info", "timestamp": "2026-08-05T16:29:55.802065Z"}
{"collection": "documents", "dim": 32, "event": "qdrant.collection_created", "level": "info", "timestamp": "2026-08-05T16:29:55.802481Z"}
{"collection": "chapters", "dim": 32, "event": "qdrant.collection_created", "level": "info", "timestamp": "2026-08-05T16:29:55.802746Z"}
{"collection": "sections", "dim": 32, "event": "qdrant.collection_created", "level": "info", "timestamp": "2026-08-05T16:29:55.802982Z"}
{"collection": "clauses", "dim": 32, "event": "qdrant.collection_created", "level": "info", "timestamp": "2026-08-05T16:29:55.803202Z"}
{"doc_id": "doc1", "collections": {"documents": 1, "chapters": 2, "sections": 3}, "event": "index.graph_complete", "level": "info", "timestamp": "2026-08-05T16:29:55.804159Z"}
{"query": "performance of contracts", "seeds": 2, "candidates": 3, "returned": 3, "event": "retrieval.complete", "level": "info", "timestamp": "2026-08-05T16:29:55.805199Z"}
{"query": "performance of contracts", "seeds": 2, "candidates": 3, "returned": 3, "event": "retrieval.complete", "level": "info", "timestamp": "2026-08-05T16:29:55.806333Z"}
{"query": "performance of contracts", "candidates": 6, "returned": 5, "event": "retrieval.hybrid_complete", "level": "info", "timestamp": "2026-08-05T16:29:55.807298Z"}
{"query": "performance of contracts", "candidates": 5, "returned": 5, "confidence": 0.8006, "event": "explanation.complete", "level": "info", "timestamp": "2026-08-05T16:29:55.807778Z"}
{"mode": "in-memory", "dim": 32, "event": "qdrant.connected", "level": "info", "timestamp": "2026-08-05T16:29:55.831319Z"}
{"collection": "documents", "dim": 32, "event": "qdrant.collection_created", "level": "info", "timestamp": "2026-08-05T16:29:55.831883Z"}
{"collection": "chapters", "dim": 32, "event": "qdrant.collection_created", "level": "info", "timestamp": "2026-08-05T16:29:55.832152Z"}
{"collection": "sections", "dim": 32, "event": "qdrant.collection_created", "level": "info", "timestamp": "2026-08-05T16:29:55.832386Z"}
{"collection": "clauses", "dim": 32, "event": "qdrant.collection_created", "level": "info", "timestamp": "2026-08-05T16:29:55.832611Z"}
{"doc_id": "doc1", "collections": {"documents": 1, "chapters": 2, "sections": 3}, "event": "index.graph_complete", "level": "info", "timestamp": "2026-08-05T16:29:55.833654Z"}
{"query": "performance of contracts", "seeds": 2, "candidates": 3, "returned": 3, "event": "retrieval.complete", "level": "info", "timestamp": "2026-08-05T16:29:55.834771Z"}
{"query": "performance of contracts", "seeds": 2, "candidates": 3, "returned": 3, "event": "retrieval.complete", "level": "info", "timestamp": "2026-08-05T16:29:55.836026Z"}
{"query": "performance of contracts", "candidates": 6, "returned": 5, "event": "retrieval.hybrid_complete", "level": "info", "timestamp": "2026-08-05T16:29:55.836964Z"}
{"query": "performance of contracts", "candidates": 5, "returned": 5, "confidence": 0.8006, "event": "explanation.complete", "level": "info", "timestamp": "2026-08-05T16:29:55.837441Z"}
{"provenance_id": "c326f84116b94adb8436bfea9ba7394d", "query": "performance of contracts", "model": "mock-llm", "evidence": 5, "confidence": 0.8006, "duration_ms": 3.9, "event": "qa.answer_complete", "level": "info", "timestamp": "2026-08-05T16:29:55.838011Z"}
{"mode": "in-memory", "dim": 32, "event": "qdrant.connected", "level": "info", "timestamp": "2026-08-05T16:29:55.843339Z"}
{"collection": "documents", "dim": 32, "event": "qdrant.collection_created", "level": "info", "timestamp": "2026-08-05T16:29:55.843712Z"}
{"collection": "chapters", "dim": 32, "event": "qdrant.collection_created", "level": "info", "timestamp": "2026-08-05T16:29:55.843968Z"}
{"collection": "sections", "dim": 32, "event": "qdrant.collection_created", "level": "info", "timestamp": "2026-08-05T16:29:55.844198Z"}
{"collection": "clauses", "dim": 32, "event": "qdrant.collection_created", "level": "info", "timestamp": "2026-08-05T16:29:55.844417Z"}
{"doc_id": "doc1", "collections": {"documents": 1, "chapters": 2, "sections": 3}, "event": "index.graph_complete", "level": "info", "timestamp": "2026-08-05T16:29:55.845704Z"}
{"query": "performance of contracts", "seeds": 2, "candidates": 3, "returned": 3, "event": "retrieval.complete", "level": "info", "timestamp": "2026-08-05T16:29:55.847334Z"}
{"query": "performance of contracts", "seeds": 2, "candidates": 3, "returned": 3, "event": "retrieval.complete", "level": "info", "timestamp": "2026-08-05T16:29:55.849033Z"}
{"query": "performance of contracts", "candidates": 6, "returned": 5, "event": "retrieval.hybrid_complete", "level": "info", "timestamp": "2026-08-05T16:29:55.850192Z"}
{"query": "performance of contracts", "candidates": 5, "returned": 5, "confidence": 0.8006, "event": "explanation.complete", "level": "info", "timestamp": "2026-08-05T16:29:55.850715Z"}
{"provenance_id": "0e428c3dea1b4aeb942d001344c40d6c", "query": "performance of contracts", "model": "mock-llm", "evidence": 5, "confidence": 0.8006, "duration_ms": 5.11, "event": "qa.answer_complete", "level": "info", "timestamp": "2026-08-05T16:29:55.851336Z"}
{"mode": "in-memory", "dim": 32, "event": "qdrant.connected", "level": "info", "timestamp": "2026-08-05T16:29:55.858733Z"}
{"collection": "documents", "dim": 32, "event": "qdrant.collection_created", "level": "info", "timestamp": "2026-08-05T16:29:55.859269Z"}
{"collection": "chapters", "dim": 32, "event": "qdrant.collection_created", "level": "info", "timestamp": "2026-08-05T16:29:55.859542Z"}
{"collection": "sections", "dim": 32, "event": "qdrant.collection_created", "level": "info", "timestamp": "2026-08-05T16:29:55.859777Z"}
{"collection": "clauses", "dim": 32, "event": "qdrant.collection_created", "level": "info", "timestamp": "2026-08-05T16:29:55.859998Z"}
{"doc_id": "doc1", "collections": {"documents": 1, "chapters": 2, "sections": 3}, "event": "index.graph_complete", "level": "info", "timestamp": "2026-08-05T16:29:55.861280Z"}
{"query": "performance of contracts", "seeds": 2, "candidates": 3, "returned": 2, "event": "retrieval.complete", "level": "info", "timestamp": "2026-08-05T16:29:55.862415Z"}
{"query": "performance of contracts", "seeds": 2, "candidates": 3, "returned": 2, "event": "retrieval.complete", "level": "info", "timestamp": "2026-08-05T16:29:55.863497Z"}
{"query": "performance of contracts", "candidates": 3, "returned": 2, "event": "retrieval.hybrid_complete", "level": "info", "timestamp": "2026-08-05T16:29:55.864429Z"}
{"query": "performance of contracts", "candidates": 2, "returned": 2, "confidence": 0.8408, "event": "explanation.complete", "level": "info", "timestamp": "2026-08-05T16:29:55.864835Z"}
{"provenance_id": "be874b1c03db4ea6a819e5acec0102ca", "query": "performance of contracts", "model": "mock-llm", "evidence": 2, "confidence": 0.8408, "duration_ms": 3.62, "event": "qa.answer_complete", "level": "info", "timestamp": "2026-08-05T16:29:55.865334Z"}
{"mode": "in-memory", "dim": 32, "event": "qdrant.connected", "level": "info", "timestamp": "2026-08-05T16:29:55.870862Z"}
{"collection": "documents", "dim": 32, "event": "qdrant.collection_created", "level": "info", "timestamp": "2026-08-05T16:29:55.871345Z"}
{"collection": "chapters", "dim": 32, "event": "qdrant.collection_created", "level": "info", "timestamp": "2026-08-05T16:29:55.871650Z"}
{"collection": "sections", "dim": 32, "event": "qdrant.collection_created", "level": "info", "timestamp": "2026-08-05T16:29:55.871894Z"}
{"collection": "clauses", "dim": 32, "event": "qdrant.collection_created", "level": "info", "timestamp": "2026-08-05T16:29:55.872120Z"}
{"doc_id": "doc1", "collections": {"documents": 1, "chapters": 2, "sections": 3}, "event": "index.graph_complete", "level": "info", "timestamp": "2026-08-05T16:29:55.873044Z"}
{"mode": "in-memory", "dim": 32, "event": "qdrant.connected", "level": "info", "timestamp": "2026-08-05T16:29:55.878348Z"}
{"collection": "documents", "dim": 32, "event": "qdrant.collection_created", "level": "info", "timestamp": "2026-08-05T16:29:55.878742Z"}
{"collection": "chapters", "dim": 32, "event": "qdrant.collection_created", "level": "info", "timestamp": "2026-08-05T16:29:55.879002Z"}
{"collection": "sections", "dim": 32, "event": "qdrant.collection_created", "level": "info", "timestamp": "2026-08-05T16:29:55.879285Z"}
{"collection": "clauses", "dim": 32, "event": "qdrant.collection_created", "level": "info", "timestamp": "2026-08-05T16:29:55.879513Z"}
{"doc_id": "doc1", "collections": {"documents": 1, "chapters": 2, "sections": 3}, "event": "index.graph_complete", "level": "info", "timestamp": "2026-08-05T16:29:55.880434Z"}
{"query": "performance of contracts", "seeds": 2, "candidates": 3, "returned": 3, "event": "retrieval.complete", "level": "info", "timestamp": "2026-08-05T16:29:55.881573Z"}
{"query": "performance of contracts", "seeds": 2, "candidates": 3, "returned": 3, "event": "retrieval.complete", "level": "info", "timestamp": "2026-08-05T16:29:55.882651Z"}
{"query": "performance of contracts", "candidates": 6, "returned": 5, "event": "retrieval.hybrid_complete", "level": "info", "timestamp": "2026-08-05T16:29:55.883644Z"}
{"query": "performance of contracts", "candidates": 5, "returned": 5, "confidence": 0.8006, "event": "explanation.complete", "level": "info", "timestamp": "2026-08-05T16:29:55.884107Z"}
{"provenance_id": "14678093a9924981957c5e8bc77f3d94", "query": "performance of contracts", "model": "mock-llm", "evidence": 5, "confidence": 0.8006, "duration_ms": 3.79, "event": "qa.answer_complete", "level": "info", "timestamp": "2026-08-05T16:29:55.884646Z"}
{"mode": "in-memory", "dim": 32, "event": "qdrant.connected", "level": "info", "timestamp": "2026-08-05T16:29:55.889934Z"}
{"collection": "documents", "dim": 32, "event": "qdrant.collection_created", "level": "info", "timestamp": "2026-08-05T16:29:55.890340Z"}
{"collection": "chapters", "dim": 32, "event": "qdrant.collection_created", "level": "info", "timestamp": "2026-08-05T16:29:55.890597Z"}
{"collection": "sections", "dim": 32, "event": "qdrant.collection_created", "level": "info", "timestamp": "2026-08-05T16:29:55.890828Z"}
{"collection": "clauses", "dim": 32, "event": "qdrant.collection_created", "level": "info", "timestamp": "2026-08-05T16:29:55.891046Z"}
{"doc_id": "doc1", "collections": {"documents": 1, "chapters": 2, "sections": 3}, "event": "index.graph_complete", "level": "info", "timestamp": "2026-08-05T16:29:55.891978Z"}
{"query": "performance of contracts", "seeds": 2, "candidates": 3, "returned": 3, "event": "retrieval.complete", "level": "info", "timestamp": "2026-08-05T16:29:55.893401Z"}
{"query": "performance of contracts", "seeds": 2, "candidates": 3, "returned": 3, "event": "retrieval.complete", "level": "info", "timestamp": "2026-08-05T16:29:55.894866Z"}
{"query": "performance of contracts", "candidates": 6, "returned": 5, "event": "retrieval.hybrid_complete", "level": "info", "timestamp": "2026-08-05T16:29:55.896042Z"}
{"query": "performance of contracts", "candidates": 5, "returned": 5, "confidence": 0.8006, "event": "explanation.complete", "level": "info", "timestamp": "2026-08-05T16:29:55.896627Z"}
{"file": "C:\\Users\\Krish\\AppData\\Local\\Temp\\pytest-of-Krish\\pytest-23\\test_ingest_txt0\\sample.txt", "ext": ".txt", "event": "ingestion.start", "level": "info", "timestamp": "2026-08-05T16:29:56.102730Z"}
{"lang": "en", "file": "C:\\Users\\Krish\\AppData\\Local\\Temp\\pytest-of-Krish\\pytest-23\\test_ingest_txt0\\sample.txt", "event": "language.detected", "level": "info", "timestamp": "2026-08-05T16:29:56.105871Z"}
{"file": "C:\\Users\\Krish\\AppData\\Local\\Temp\\pytest-of-Krish\\pytest-23\\test_ingest_txt0\\sample.txt", "output": "C:\\Users\\Krish\\Project2\\data\\processed\\8406e979392f823b.json", "doc_id": "8406e979392f823b", "event": "ingestion.complete", "level": "info", "timestamp": "2026-08-05T16:29:56.107849Z"}
{"file": "C:\\Users\\Krish\\AppData\\Local\\Temp\\pytest-of-Krish\\pytest-23\\test_ingest_pdf0\\sample.pdf", "ext": ".pdf", "event": "ingestion.start", "level": "info", "timestamp": "2026-08-05T16:29:56.113812Z"}
{"lang": "en", "file": "C:\\Users\\Krish\\AppData\\Local\\Temp\\pytest-of-Krish\\pytest-23\\test_ingest_pdf0\\sample.pdf", "event": "language.detected", "level": "info", "timestamp": "2026-08-05T16:29:56.137767Z"}
{"file": "C:\\Users\\Krish\\AppData\\Local\\Temp\\pytest-of-Krish\\pytest-23\\test_ingest_pdf0\\sample.pdf", "output": "C:\\Users\\Krish\\Project2\\data\\processed\\6fb32616e2825173.json", "doc_id": "6fb32616e2825173", "event": "ingestion.complete", "level": "info", "timestamp": "2026-08-05T16:29:56.139612Z"}
{"file": "C:\\Users\\Krish\\AppData\\Local\\Temp\\pytest-of-Krish\\pytest-23\\test_ingest_docx0\\sample.docx", "ext": ".docx", "event": "ingestion.start", "level": "info", "timestamp": "2026-08-05T16:29:56.166592Z"}
{"lang": "en", "file": "C:\\Users\\Krish\\AppData\\Local\\Temp\\pytest-of-Krish\\pytest-23\\test_ingest_docx0\\sample.docx", "event": "language.detected", "level": "info", "timestamp": "2026-08-05T16:29:56.183394Z"}
{"file": "C:\\Users\\Krish\\AppData\\Local\\Temp\\pytest-of-Krish\\pytest-23\\test_ingest_docx0\\sample.docx", "output": "C:\\Users\\Krish\\Project2\\data\\processed\\7a35e5bb571a2fd4.json", "doc_id": "7a35e5bb571a2fd4", "event": "ingestion.complete", "level": "info", "timestamp": "2026-08-05T16:29:56.185910Z"}
{"file": "C:\\Users\\Krish\\AppData\\Local\\Temp\\pytest-of-Krish\\pytest-23\\test_ingest_creates_json0\\sample.txt", "ext": ".txt", "event": "ingestion.start", "level": "info", "timestamp": "2026-08-05T16:29:56.190264Z"}
{"lang": "en", "file": "C:\\Users\\Krish\\AppData\\Local\\Temp\\pytest-of-Krish\\pytest-23\\test_ingest_creates_json0\\sample.txt", "event": "language.detected", "level": "info", "timestamp": "2026-08-05T16:29:56.193835Z"}
{"file": "C:\\Users\\Krish\\AppData\\Local\\Temp\\pytest-of-Krish\\pytest-23\\test_ingest_creates_json0\\sample.txt", "output": "C:\\Users\\Krish\\Project2\\data\\processed\\ea2d32026da1c300.json", "doc_id": "ea2d32026da1c300", "event": "ingestion.complete", "level": "info", "timestamp": "2026-08-05T16:29:56.195658Z"}
{"file": "C:\\Users\\Krish\\AppData\\Local\\Temp\\pytest-of-Krish\\pytest-23\\test_ingested_doc_matches_sche0\\sample.pdf", "ext": ".pdf", "event": "ingestion.start", "level": "info", "timestamp": "2026-08-05T16:29:56.204541Z"}
{"lang": "en", "file": "C:\\Users\\Krish\\AppData\\Local\\Temp\\pytest-of-Krish\\pytest-23\\test_ingested_doc_matches_sche0\\sample.pdf", "event": "language.detected", "level": "info", "timestamp": "2026-08-05T16:29:56.230626Z"}
{"file": "C:\\Users\\Krish\\AppData\\Local\\Temp\\pytest-of-Krish\\pytest-23\\test_ingested_doc_matches_sche0\\sample.pdf", "output": "C:\\Users\\Krish\\Project2\\data\\processed\\1524ee8f18345406.json", "doc_id": "1524ee8f18345406", "event": "ingestion.complete", "level": "info", "timestamp": "2026-08-05T16:29:56.233002Z"}
{"env": "development", "version": "0.1.0", "event": "app.starting", "level": "info", "timestamp": "2026-08-05T16:29:56.239958Z"}
{"mode": "in-memory", "dim": 32, "event": "qdrant.connected", "level": "info", "timestamp": "2026-08-05T16:29:56.246094Z"}
{"collection": "documents", "dim": 32, "event": "qdrant.collection_created", "level": "info", "timestamp": "2026-08-05T16:29:56.246460Z"}
{"collection": "chapters", "dim": 32, "event": "qdrant.collection_created", "level": "info", "timestamp": "2026-08-05T16:29:56.246709Z"}
{"collection": "sections", "dim": 32, "event": "qdrant.collection_created", "level": "info", "timestamp": "2026-08-05T16:29:56.246929Z"}
{"collection": "clauses", "dim": 32, "event": "qdrant.collection_created", "level": "info", "timestamp": "2026-08-05T16:29:56.247142Z"}
{"doc_id": "doc1", "collections": {"documents": 1, "chapters": 2, "sections": 3}, "event": "index.graph_complete", "level": "info", "timestamp": "2026-08-05T16:29:56.248161Z"}
{"query": "performance of contracts", "seeds": 2, "candidates": 3, "returned": 3, "event": "retrieval.complete", "level": "info", "timestamp": "2026-08-05T16:29:56.252015Z"}
{"query": "performance of contracts", "seeds": 2, "candidates": 3, "returned": 3, "event": "retrieval.complete", "level": "info", "timestamp": "2026-08-05T16:29:56.253303Z"}
{"query": "performance of contracts", "candidates": 6, "returned": 5, "event": "retrieval.hybrid_complete", "level": "info", "timestamp": "2026-08-05T16:29:56.254403Z"}
{"query": "performance of contracts", "candidates": 5, "returned": 5, "confidence": 0.8006, "event": "explanation.complete", "level": "info", "timestamp": "2026-08-05T16:29:56.254919Z"}
{"provenance_id": "1a5324a24fd04f7b864562f4f008f426", "query": "performance of contracts", "model": "mock-llm", "evidence": 5, "confidence": 0.8006, "duration_ms": 4.35, "event": "qa.answer_complete", "level": "info", "timestamp": "2026-08-05T16:29:56.255704Z"}
{"event": "HTTP Request: POST http://testserver/api/v1/query \"HTTP/1.1 200 OK\"", "level": "info", "timestamp": "2026-08-05T16:29:56.257432Z"}
{"event": "app.stopping", "level": "info", "timestamp": "2026-08-05T16:29:56.258524Z"}
{"env": "development", "version": "0.1.0", "event": "app.starting", "level": "info", "timestamp": "2026-08-05T16:29:56.266115Z"}
{"mode": "in-memory", "dim": 32, "event": "qdrant.connected", "level": "info", "timestamp": "2026-08-05T16:29:56.271529Z"}
{"collection": "documents", "dim": 32, "event": "qdrant.collection_created", "level": "info", "timestamp": "2026-08-05T16:29:56.271944Z"}
{"collection": "chapters", "dim": 32, "event": "qdrant.collection_created", "level": "info", "timestamp": "2026-08-05T16:29:56.272215Z"}
{"collection": "sections", "dim": 32, "event": "qdrant.collection_created", "level": "info", "timestamp": "2026-08-05T16:29:56.272448Z"}
{"collection": "clauses", "dim": 32, "event": "qdrant.collection_created", "level": "info", "timestamp": "2026-08-05T16:29:56.272679Z"}
{"doc_id": "doc1", "collections": {"documents": 1, "chapters": 2, "sections": 3}, "event": "index.graph_complete", "level": "info", "timestamp": "2026-08-05T16:29:56.273805Z"}
{"query": "performance of contracts", "seeds": 2, "candidates": 3, "returned": 3, "event": "retrieval.complete", "level": "info", "timestamp": "2026-08-05T16:29:56.277000Z"}
{"query": "performance of contracts", "seeds": 2, "candidates": 3, "returned": 3, "event": "retrieval.complete", "level": "info", "timestamp": "2026-08-05T16:29:56.278201Z"}
{"query": "performance of contracts", "candidates": 6, "returned": 3, "event": "retrieval.hybrid_complete", "level": "info", "timestamp": "2026-08-05T16:29:56.279194Z"}
{"query": "performance of contracts", "candidates": 3, "returned": 3, "confidence": 0.8412, "event": "explanation.complete", "level": "info", "timestamp": "2026-08-05T16:29:56.279636Z"}
{"provenance_id": "528910f7506d45c5b13c5da47abc47d8", "query": "performance of contracts", "model": "mock-llm", "evidence": 3, "confidence": 0.8412, "duration_ms": 3.92, "event": "qa.answer_complete", "level": "info", "timestamp": "2026-08-05T16:29:56.280227Z"}
{"event": "HTTP Request: POST http://testserver/api/v1/query \"HTTP/1.1 200 OK\"", "level": "info", "timestamp": "2026-08-05T16:29:56.281678Z"}
{"event": "app.stopping", "level": "info", "timestamp": "2026-08-05T16:29:56.282581Z"}
{"env": "development", "version": "0.1.0", "event": "app.starting", "level": "info", "timestamp": "2026-08-05T16:29:56.288870Z"}
{"mode": "in-memory", "dim": 32, "event": "qdrant.connected", "level": "info", "timestamp": "2026-08-05T16:29:56.297381Z"}
{"collection": "documents", "dim": 32, "event": "qdrant.collection_created", "level": "info", "timestamp": "2026-08-05T16:29:56.297875Z"}
{"collection": "chapters", "dim": 32, "event": "qdrant.collection_created", "level": "info", "timestamp": "2026-08-05T16:29:56.298142Z"}
{"collection": "sections", "dim": 32, "event": "qdrant.collection_created", "level": "info", "timestamp": "2026-08-05T16:29:56.298364Z"}
{"collection": "clauses", "dim": 32, "event": "qdrant.collection_created", "level": "info", "timestamp": "2026-08-05T16:29:56.298576Z"}
{"doc_id": "doc1", "collections": {"documents": 1, "chapters": 2, "sections": 3}, "event": "index.graph_complete", "level": "info", "timestamp": "2026-08-05T16:29:56.300021Z"}
{"event": "HTTP Request: POST http://testserver/api/v1/query \"HTTP/1.1 422 Unprocessable Entity\"", "level": "info", "timestamp": "2026-08-05T16:29:56.304607Z"}
{"event": "app.stopping", "level": "info", "timestamp": "2026-08-05T16:29:56.305554Z"}
{"env": "development", "version": "0.1.0", "event": "app.starting", "level": "info", "timestamp": "2026-08-05T16:29:56.312414Z"}
{"mode": "in-memory", "dim": 32, "event": "qdrant.connected", "level": "info", "timestamp": "2026-08-05T16:29:56.317921Z"}
{"collection": "documents", "dim": 32, "event": "qdrant.collection_created", "level": "info", "timestamp": "2026-08-05T16:29:56.318270Z"}
{"collection": "chapters", "dim": 32, "event": "qdrant.collection_created", "level": "info", "timestamp": "2026-08-05T16:29:56.318534Z"}
{"collection": "sections", "dim": 32, "event": "qdrant.collection_created", "level": "info", "timestamp": "2026-08-05T16:29:56.318758Z"}
{"collection": "clauses", "dim": 32, "event": "qdrant.collection_created", "level": "info", "timestamp": "2026-08-05T16:29:56.318966Z"}
{"doc_id": "doc1", "collections": {"documents": 1, "chapters": 2, "sections": 3}, "event": "index.graph_complete", "level": "info", "timestamp": "2026-08-05T16:29:56.320002Z"}
{"event": "HTTP Request: POST http://testserver/api/v1/query \"HTTP/1.1 422 Unprocessable Entity\"", "level": "info", "timestamp": "2026-08-05T16:29:56.323135Z"}
{"event": "app.stopping", "level": "info", "timestamp": "2026-08-05T16:29:56.323923Z"}
{"env": "development", "version": "0.1.0", "event": "app.starting", "level": "info", "timestamp": "2026-08-05T16:29:56.328934Z"}
{"mode": "in-memory", "dim": 32, "event": "qdrant.connected", "level": "info", "timestamp": "2026-08-05T16:29:56.334648Z"}
{"collection": "documents", "dim": 32, "event": "qdrant.collection_created", "level": "info", "timestamp": "2026-08-05T16:29:56.335318Z"}
{"collection": "chapters", "dim": 32, "event": "qdrant.collection_created", "level": "info", "timestamp": "2026-08-05T16:29:56.335629Z"}
{"collection": "sections", "dim": 32, "event": "qdrant.collection_created", "level": "info", "timestamp": "2026-08-05T16:29:56.335882Z"}
{"collection": "clauses", "dim": 32, "event": "qdrant.collection_created", "level": "info", "timestamp": "2026-08-05T16:29:56.336114Z"}
{"doc_id": "doc1", "collections": {"documents": 1, "chapters": 2, "sections": 3}, "event": "index.graph_complete", "level": "info", "timestamp": "2026-08-05T16:29:56.337379Z"}
{"query": "performance of contracts", "seeds": 2, "candidates": 3, "returned": 3, "event": "retrieval.complete", "level": "info", "timestamp": "2026-08-05T16:29:56.341617Z"}
{"query": "performance of contracts", "seeds": 2, "candidates": 3, "returned": 3, "event": "retrieval.complete", "level": "info", "timestamp": "2026-08-05T16:29:56.342988Z"}
{"query": "performance of contracts", "candidates": 6, "returned": 5, "event": "retrieval.hybrid_complete", "level": "info", "timestamp": "2026-08-05T16:29:56.343955Z"}
{"query": "performance of contracts", "candidates": 5, "returned": 5, "confidence": 0.8006, "event": "explanation.complete", "level": "info", "timestamp": "2026-08-05T16:29:56.344427Z"}
{"event": "HTTP Request: POST http://testserver/api/v1/explain \"HTTP/1.1 200 OK\"", "level": "info", "timestamp": "2026-08-05T16:29:56.345953Z"}
{"event": "app.stopping", "level": "info", "timestamp": "2026-08-05T16:29:56.346906Z"}
{"env": "development", "version": "0.1.0", "event": "app.starting", "level": "info", "timestamp": "2026-08-05T16:29:56.352884Z"}
{"mode": "in-memory", "dim": 32, "event": "qdrant.connected", "level": "info", "timestamp": "2026-08-05T16:29:56.358352Z"}
{"collection": "documents", "dim": 32, "event": "qdrant.collection_created", "level": "info", "timestamp": "2026-08-05T16:29:56.358712Z"}
{"collection": "chapters", "dim": 32, "event": "qdrant.collection_created", "level": "info", "timestamp": "2026-08-05T16:29:56.358967Z"}
{"collection": "sections", "dim": 32, "event": "qdrant.collection_created", "level": "info", "timestamp": "2026-08-05T16:29:56.359203Z"}
{"collection": "clauses", "dim": 32, "event": "qdrant.collection_created", "level": "info", "timestamp": "2026-08-05T16:29:56.359422Z"}
{"doc_id": "doc1", "collections": {"documents": 1, "chapters": 2, "sections": 3}, "event": "index.graph_complete", "level": "info", "timestamp": "2026-08-05T16:29:56.360467Z"}
{"query": "performance of contracts", "seeds": 2, "candidates": 3, "returned": 3, "event": "retrieval.complete", "level": "info", "timestamp": "2026-08-05T16:29:56.364236Z"}
{"query": "performance of contracts", "seeds": 2, "candidates": 3, "returned": 3, "event": "retrieval.complete", "level": "info", "timestamp": "2026-08-05T16:29:56.367262Z"}
{"query": "performance of contracts", "candidates": 6, "returned": 5, "event": "retrieval.hybrid_complete", "level": "info", "timestamp": "2026-08-05T16:29:56.368395Z"}
{"query": "performance of contracts", "candidates": 5, "returned": 5, "confidence": 0.8006, "event": "explanation.complete", "level": "info", "timestamp": "2026-08-05T16:29:56.368907Z"}
{"provenance_id": "8ca2d4f8512a42e3a983112757c3ee89", "query": "performance of contracts", "model": "mock-llm", "evidence": 5, "confidence": 0.8006, "duration_ms": 6.42, "event": "qa.answer_complete", "level": "info", "timestamp": "2026-08-05T16:29:56.369646Z"}
{"event": "HTTP Request: POST http://testserver/api/v1/query \"HTTP/1.1 200 OK\"", "level": "info", "timestamp": "2026-08-05T16:29:56.371322Z"}
{"event": "HTTP Request: GET http://testserver/api/v1/provenance/8ca2d4f8512a42e3a983112757c3ee89 \"HTTP/1.1 200 OK\"", "level": "info", "timestamp": "2026-08-05T16:29:56.373665Z"}
{"event": "app.stopping", "level": "info", "timestamp": "2026-08-05T16:29:56.374717Z"}
{"env": "development", "version": "0.1.0", "event": "app.starting", "level": "info", "timestamp": "2026-08-05T16:29:56.381314Z"}
{"mode": "in-memory", "dim": 32, "event": "qdrant.connected", "level": "info", "timestamp": "2026-08-05T16:29:56.386354Z"}
{"collection": "documents", "dim": 32, "event": "qdrant.collection_created", "level": "info", "timestamp": "2026-08-05T16:29:56.386717Z"}
{"collection": "chapters", "dim": 32, "event": "qdrant.collection_created", "level": "info", "timestamp": "2026-08-05T16:29:56.386967Z"}
{"collection": "sections", "dim": 32, "event": "qdrant.collection_created", "level": "info", "timestamp": "2026-08-05T16:29:56.387184Z"}
{"collection": "clauses", "dim": 32, "event": "qdrant.collection_created", "level": "info", "timestamp": "2026-08-05T16:29:56.387395Z"}
{"doc_id": "doc1", "collections": {"documents": 1, "chapters": 2, "sections": 3}, "event": "index.graph_complete", "level": "info", "timestamp": "2026-08-05T16:29:56.388538Z"}
{"event": "HTTP Request: GET http://testserver/api/v1/provenance/doesnotexist \"HTTP/1.1 404 Not Found\"", "level": "info", "timestamp": "2026-08-05T16:29:56.391348Z"}
{"event": "app.stopping", "level": "info", "timestamp": "2026-08-05T16:29:56.392131Z"}
{"env": "development", "version": "0.1.0", "event": "app.starting", "level": "info", "timestamp": "2026-08-05T16:29:56.398308Z"}
{"mode": "in-memory", "dim": 32, "event": "qdrant.connected", "level": "info", "timestamp": "2026-08-05T16:29:56.403995Z"}
{"collection": "documents", "dim": 32, "event": "qdrant.collection_created", "level": "info", "timestamp": "2026-08-05T16:29:56.404604Z"}
{"collection": "chapters", "dim": 32, "event": "qdrant.collection_created", "level": "info", "timestamp": "2026-08-05T16:29:56.404970Z"}
{"collection": "sections", "dim": 32, "event": "qdrant.collection_created", "level": "info", "timestamp": "2026-08-05T16:29:56.405229Z"}
{"collection": "clauses", "dim": 32, "event": "qdrant.collection_created", "level": "info", "timestamp": "2026-08-05T16:29:56.405447Z"}
{"doc_id": "doc1", "collections": {"documents": 1, "chapters": 2, "sections": 3}, "event": "index.graph_complete", "level": "info", "timestamp": "2026-08-05T16:29:56.406868Z"}
{"event": "HTTP Request: POST http://testserver/api/v1/explain \"HTTP/1.1 422 Unprocessable Entity\"", "level": "info", "timestamp": "2026-08-05T16:29:56.411437Z"}
{"event": "app.stopping", "level": "info", "timestamp": "2026-08-05T16:29:56.412796Z"}
{"mode": "in-memory", "dim": 4, "event": "qdrant.connected", "level": "info", "timestamp": "2026-08-05T16:29:56.420054Z"}
{"collection": "documents", "dim": 4, "event": "qdrant.collection_created", "level": "info", "timestamp": "2026-08-05T16:29:56.420568Z"}
{"collection": "chapters", "dim": 4, "event": "qdrant.collection_created", "level": "info", "timestamp": "2026-08-05T16:29:56.420848Z"}
{"collection": "sections", "dim": 4, "event": "qdrant.collection_created", "level": "info", "timestamp": "2026-08-05T16:29:56.421098Z"}
{"collection": "clauses", "dim": 4, "event": "qdrant.collection_created", "level": "info", "timestamp": "2026-08-05T16:29:56.421326Z"}
{"mode": "in-memory", "dim": 4, "event": "qdrant.connected", "level": "info", "timestamp": "2026-08-05T16:29:56.427019Z"}
{"collection": "documents", "dim": 4, "event": "qdrant.collection_created", "level": "info", "timestamp": "2026-08-05T16:29:56.427527Z"}
{"collection": "chapters", "dim": 4, "event": "qdrant.collection_created", "level": "info", "timestamp": "2026-08-05T16:29:56.427846Z"}
{"collection": "sections", "dim": 4, "event": "qdrant.collection_created", "level": "info", "timestamp": "2026-08-05T16:29:56.428126Z"}
{"collection": "clauses", "dim": 4, "event": "qdrant.collection_created", "level": "info", "timestamp": "2026-08-05T16:29:56.428380Z"}
{"mode": "in-memory", "dim": 4, "event": "qdrant.connected", "level": "info", "timestamp": "2026-08-05T16:29:56.434330Z"}
{"collection": "documents", "dim": 4, "event": "qdrant.collection_created", "level": "info", "timestamp": "2026-08-05T16:29:56.434863Z"}
{"collection": "chapters", "dim": 4, "event": "qdrant.collection_created", "level": "info", "timestamp": "2026-08-05T16:29:56.435129Z"}
{"collection": "sections", "dim": 4, "event": "qdrant.collection_created", "level": "info", "timestamp": "2026-08-05T16:29:56.435367Z"}
{"collection": "clauses", "dim": 4, "event": "qdrant.collection_created", "level": "info", "timestamp": "2026-08-05T16:29:56.435597Z"}
{"mode": "in-memory", "dim": 4, "event": "qdrant.connected", "level": "info", "timestamp": "2026-08-05T16:29:56.442176Z"}
{"collection": "documents", "dim": 4, "event": "qdrant.collection_created", "level": "info", "timestamp": "2026-08-05T16:29:56.443608Z"}
{"collection": "chapters", "dim": 4, "event": "qdrant.collection_created", "level": "info", "timestamp": "2026-08-05T16:29:56.444225Z"}
{"collection": "sections", "dim": 4, "event": "qdrant.collection_created", "level": "info", "timestamp": "2026-08-05T16:29:56.444655Z"}
{"collection": "clauses", "dim": 4, "event": "qdrant.collection_created", "level": "info", "timestamp": "2026-08-05T16:29:56.445034Z"}
{"collection": "sections", "event": "qdrant.collection_deleted", "level": "info", "timestamp": "2026-08-05T16:29:56.446366Z"}
{"mode": "in-memory", "dim": 4, "event": "qdrant.connected", "level": "info", "timestamp": "2026-08-05T16:29:56.455231Z"}
{"collection": "documents", "dim": 4, "event": "qdrant.collection_created", "level": "info", "timestamp": "2026-08-05T16:29:56.455900Z"}
{"collection": "chapters", "dim": 4, "event": "qdrant.collection_created", "level": "info", "timestamp": "2026-08-05T16:29:56.456218Z"}
{"collection": "sections", "dim": 4, "event": "qdrant.collection_created", "level": "info", "timestamp": "2026-08-05T16:29:56.456474Z"}
{"collection": "clauses", "dim": 4, "event": "qdrant.collection_created", "level": "info", "timestamp": "2026-08-05T16:29:56.456717Z"}
{"mode": "in-memory", "dim": 4, "event": "qdrant.connected", "level": "info", "timestamp": "2026-08-05T16:29:56.463948Z"}
{"collection": "documents", "dim": 4, "event": "qdrant.collection_created", "level": "info", "timestamp": "2026-08-05T16:29:56.464525Z"}
{"collection": "chapters", "dim": 4, "event": "qdrant.collection_created", "level": "info", "timestamp": "2026-08-05T16:29:56.464817Z"}
{"collection": "sections", "dim": 4, "event": "qdrant.collection_created", "level": "info", "timestamp": "2026-08-05T16:29:56.465117Z"}
{"collection": "clauses", "dim": 4, "event": "qdrant.collection_created", "level": "info", "timestamp": "2026-08-05T16:29:56.465377Z"}
{"mode": "in-memory", "dim": 4, "event": "qdrant.connected", "level": "info", "timestamp": "2026-08-05T16:29:56.472440Z"}
{"collection": "documents", "dim": 4, "event": "qdrant.collection_created", "level": "info", "timestamp": "2026-08-05T16:29:56.473176Z"}
{"collection": "chapters", "dim": 4, "event": "qdrant.collection_created", "level": "info", "timestamp": "2026-08-05T16:29:56.473695Z"}
{"collection": "sections", "dim": 4, "event": "qdrant.collection_created", "level": "info", "timestamp": "2026-08-05T16:29:56.474177Z"}
{"collection": "clauses", "dim": 4, "event": "qdrant.collection_created", "level": "info", "timestamp": "2026-08-05T16:29:56.474621Z"}
{"mode": "in-memory", "dim": 4, "event": "qdrant.connected", "level": "info", "timestamp": "2026-08-05T16:29:56.482669Z"}
{"collection": "documents", "dim": 4, "event": "qdrant.collection_created", "level": "info", "timestamp": "2026-08-05T16:29:56.483298Z"}
{"collection": "chapters", "dim": 4, "event": "qdrant.collection_created", "level": "info", "timestamp": "2026-08-05T16:29:56.483655Z"}
{"collection": "sections", "dim": 4, "event": "qdrant.collection_created", "level": "info", "timestamp": "2026-08-05T16:29:56.483941Z"}
{"collection": "clauses", "dim": 4, "event": "qdrant.collection_created", "level": "info", "timestamp": "2026-08-05T16:29:56.484205Z"}
{"mode": "in-memory", "dim": 4, "event": "qdrant.connected", "level": "info", "timestamp": "2026-08-05T16:29:56.492966Z"}
{"collection": "documents", "dim": 4, "event": "qdrant.collection_created", "level": "info", "timestamp": "2026-08-05T16:29:56.493775Z"}
{"collection": "chapters", "dim": 4, "event": "qdrant.collection_created", "level": "info", "timestamp": "2026-08-05T16:29:56.494227Z"}
{"collection": "sections", "dim": 4, "event": "qdrant.collection_created", "level": "info", "timestamp": "2026-08-05T16:29:56.494590Z"}
{"collection": "clauses", "dim": 4, "event": "qdrant.collection_created", "level": "info", "timestamp": "2026-08-05T16:29:56.494966Z"}
{"mode": "in-memory", "dim": 4, "event": "qdrant.connected", "level": "info", "timestamp": "2026-08-05T16:29:56.505447Z"}
{"collection": "documents", "dim": 4, "event": "qdrant.collection_created", "level": "info", "timestamp": "2026-08-05T16:29:56.506245Z"}
{"collection": "chapters", "dim": 4, "event": "qdrant.collection_created", "level": "info", "timestamp": "2026-08-05T16:29:56.506695Z"}
{"collection": "sections", "dim": 4, "event": "qdrant.collection_created", "level": "info", "timestamp": "2026-08-05T16:29:56.507030Z"}
{"collection": "clauses", "dim": 4, "event": "qdrant.collection_created", "level": "info", "timestamp": "2026-08-05T16:29:56.507473Z"}
{"mode": "in-memory", "dim": 4, "event": "qdrant.connected", "level": "info", "timestamp": "2026-08-05T16:29:56.516678Z"}
{"collection": "documents", "dim": 4, "event": "qdrant.collection_created", "level": "info", "timestamp": "2026-08-05T16:29:56.517371Z"}
{"collection": "chapters", "dim": 4, "event": "qdrant.collection_created", "level": "info", "timestamp": "2026-08-05T16:29:56.517658Z"}
{"collection": "sections", "dim": 4, "event": "qdrant.collection_created", "level": "info", "timestamp": "2026-08-05T16:29:56.517900Z"}
{"collection": "clauses", "dim": 4, "event": "qdrant.collection_created", "level": "info", "timestamp": "2026-08-05T16:29:56.518148Z"}
{"mode": "in-memory", "dim": 4, "event": "qdrant.connected", "level": "info", "timestamp": "2026-08-05T16:29:56.527515Z"}
{"collection": "documents", "dim": 4, "event": "qdrant.collection_created", "level": "info", "timestamp": "2026-08-05T16:29:56.528111Z"}
{"collection": "chapters", "dim": 4, "event": "qdrant.collection_created", "level": "info", "timestamp": "2026-08-05T16:29:56.528388Z"}
{"collection": "sections", "dim": 4, "event": "qdrant.collection_created", "level": "info", "timestamp": "2026-08-05T16:29:56.528627Z"}
{"collection": "clauses", "dim": 4, "event": "qdrant.collection_created", "level": "info", "timestamp": "2026-08-05T16:29:56.529061Z"}
{"mode": "in-memory", "dim": 4, "event": "qdrant.connected", "level": "info", "timestamp": "2026-08-05T16:29:56.537280Z"}
{"collection": "documents", "dim": 4, "event": "qdrant.collection_created", "level": "info", "timestamp": "2026-08-05T16:29:56.537853Z"}
{"collection": "chapters", "dim": 4, "event": "qdrant.collection_created", "level": "info", "timestamp": "2026-08-05T16:29:56.538132Z"}
{"collection": "sections", "dim": 4, "event": "qdrant.collection_created", "level": "info", "timestamp": "2026-08-05T16:29:56.538370Z"}
{"collection": "clauses", "dim": 4, "event": "qdrant.collection_created", "level": "info", "timestamp": "2026-08-05T16:29:56.538682Z"}
{"mode": "in-memory", "dim": 4, "event": "qdrant.connected", "level": "info", "timestamp": "2026-08-05T16:29:56.545588Z"}
{"collection": "documents", "dim": 4, "event": "qdrant.collection_created", "level": "info", "timestamp": "2026-08-05T16:29:56.546280Z"}
{"collection": "chapters", "dim": 4, "event": "qdrant.collection_created", "level": "info", "timestamp": "2026-08-05T16:29:56.546695Z"}
{"collection": "sections", "dim": 4, "event": "qdrant.collection_created", "level": "info", "timestamp": "2026-08-05T16:29:56.547075Z"}
{"collection": "clauses", "dim": 4, "event": "qdrant.collection_created", "level": "info", "timestamp": "2026-08-05T16:29:56.547442Z"}
{"mode": "in-memory", "dim": 4, "event": "qdrant.connected", "level": "info", "timestamp": "2026-08-05T16:29:56.556375Z"}
{"collection": "documents", "dim": 4, "event": "qdrant.collection_created", "level": "info", "timestamp": "2026-08-05T16:29:56.557180Z"}
{"collection": "chapters", "dim": 4, "event": "qdrant.collection_created", "level": "info", "timestamp": "2026-08-05T16:29:56.557563Z"}
{"collection": "sections", "dim": 4, "event": "qdrant.collection_created", "level": "info", "timestamp": "2026-08-05T16:29:56.557877Z"}
{"collection": "clauses", "dim": 4, "event": "qdrant.collection_created", "level": "info", "timestamp": "2026-08-05T16:29:56.558197Z"}
{"query": "performance of contracts", "seeds": 3, "candidates": 5, "returned": 5, "event": "retrieval.complete", "level": "info", "timestamp": "2026-08-05T16:29:56.593489Z"}
{"query": "performance of contracts", "seeds": 3, "candidates": 5, "returned": 5, "event": "retrieval.complete", "level": "info", "timestamp": "2026-08-05T16:29:56.595326Z"}
{"query": "performance of contracts", "seeds": 3, "candidates": 5, "returned": 5, "event": "retrieval.complete", "level": "info", "timestamp": "2026-08-05T16:29:56.596879Z"}
{"event": "retrieval.empty_query", "level": "info", "timestamp": "2026-08-05T16:29:56.598404Z"}
{"event": "retrieval.empty_query", "level": "info", "timestamp": "2026-08-05T16:29:56.598724Z"}
{"query": "quantum entanglement fusion reactor", "event": "retrieval.no_seeds", "level": "info", "timestamp": "2026-08-05T16:29:56.600447Z"}
{"query": "performance of contracts", "seeds": 3, "candidates": 5, "returned": 5, "event": "retrieval.complete", "level": "info", "timestamp": "2026-08-05T16:29:56.602044Z"}
{"query": "performance of contracts", "seeds": 3, "candidates": 5, "returned": 5, "event": "retrieval.complete", "level": "info", "timestamp": "2026-08-05T16:29:56.603665Z"}
{"query": "performance of contracts", "seeds": 3, "candidates": 5, "returned": 5, "event": "retrieval.complete", "level": "info", "timestamp": "2026-08-05T16:29:56.605390Z"}
{"query": "performance of contracts", "seeds": 3, "candidates": 5, "returned": 5, "event": "retrieval.complete", "level": "info", "timestamp": "2026-08-05T16:29:56.607085Z"}
{"query": "performance of contracts", "seeds": 3, "candidates": 5, "returned": 5, "event": "retrieval.complete", "level": "info", "timestamp": "2026-08-05T16:29:56.608722Z"}
{"query": "performance of contracts", "seeds": 3, "candidates": 5, "returned": 2, "event": "retrieval.complete", "level": "info", "timestamp": "2026-08-05T16:29:56.610376Z"}
{"query": "performance of contracts", "seeds": 3, "candidates": 5, "returned": 5, "event": "retrieval.complete", "level": "info", "timestamp": "2026-08-05T16:29:56.611953Z"}
{"query": "performance of contracts", "seeds": 3, "candidates": 3, "returned": 3, "event": "retrieval.complete", "level": "info", "timestamp": "2026-08-05T16:29:56.612684Z"}
{"query": "what does section 4 say", "seeds": 1, "candidates": 3, "returned": 3, "event": "retrieval.complete", "level": "info", "timestamp": "2026-08-05T16:29:56.614284Z"}
{"query": "section 4", "seeds": 2, "candidates": 4, "returned": 4, "event": "retrieval.complete", "level": "info", "timestamp": "2026-08-05T16:29:56.616711Z"}
{"query": "word", "seeds": 1, "candidates": 3, "returned": 3, "event": "retrieval.complete", "level": "info", "timestamp": "2026-08-05T16:29:56.618807Z"}
{"event": "HTTP Request: GET http://testserver/api/v1/health \"HTTP/1.1 200 OK\"", "level": "info", "timestamp": "2026-08-05T16:29:56.661366Z"}
{"event": "HTTP Request: GET http://testserver/api/v1/data \"HTTP/1.1 401 Unauthorized\"", "level": "info", "timestamp": "2026-08-05T16:29:56.670201Z"}
{"event": "HTTP Request: GET http://testserver/api/v1/data \"HTTP/1.1 401 Unauthorized\"", "level": "info", "timestamp": "2026-08-05T16:29:56.671762Z"}
{"event": "HTTP Request: GET http://testserver/api/v1/data \"HTTP/1.1 200 OK\"", "level": "info", "timestamp": "2026-08-05T16:29:56.674414Z"}
{"event": "HTTP Request: GET http://testserver/api/v1/health \"HTTP/1.1 200 OK\"", "level": "info", "timestamp": "2026-08-05T16:29:56.682093Z"}
{"event": "HTTP Request: GET http://testserver/api/v1/data \"HTTP/1.1 200 OK\"", "level": "info", "timestamp": "2026-08-05T16:29:56.688916Z"}
{"event": "HTTP Request: GET http://testserver/api/v1/data \"HTTP/1.1 200 OK\"", "level": "info", "timestamp": "2026-08-05T16:29:56.691062Z"}
{"event": "HTTP Request: GET http://testserver/api/v1/data \"HTTP/1.1 200 OK\"", "level": "info", "timestamp": "2026-08-05T16:29:56.692696Z"}
{"event": "HTTP Request: GET http://testserver/api/v1/data \"HTTP/1.1 429 Too Many Requests\"", "level": "info", "timestamp": "2026-08-05T16:29:56.694152Z"}
{"event": "HTTP Request: POST http://testserver/api/v1/data \"HTTP/1.1 413 Request Entity Too Large\"", "level": "info", "timestamp": "2026-08-05T16:29:56.701105Z"}
{"mode": "in-memory", "dim": 32, "event": "qdrant.connected", "level": "info", "timestamp": "2026-08-05T16:29:56.729745Z"}
{"collection": "documents", "dim": 32, "event": "qdrant.collection_created", "level": "info", "timestamp": "2026-08-05T16:29:56.730479Z"}
{"collection": "chapters", "dim": 32, "event": "qdrant.collection_created", "level": "info", "timestamp": "2026-08-05T16:29:56.730779Z"}
{"collection": "sections", "dim": 32, "event": "qdrant.collection_created", "level": "info", "timestamp": "2026-08-05T16:29:56.731031Z"}
{"collection": "clauses", "dim": 32, "event": "qdrant.collection_created", "level": "info", "timestamp": "2026-08-05T16:29:56.731266Z"}
{"doc_id": "doc1", "collections": {"documents": 1, "chapters": 2, "sections": 3}, "event": "index.graph_complete", "level": "info", "timestamp": "2026-08-05T16:29:56.733104Z"}
{"mode": "in-memory", "dim": 64, "event": "qdrant.connected", "level": "info", "timestamp": "2026-08-05T16:29:56.743111Z"}
{"collection": "documents", "dim": 64, "event": "qdrant.collection_created", "level": "info", "timestamp": "2026-08-05T16:29:56.743708Z"}
{"collection": "chapters", "dim": 64, "event": "qdrant.collection_created", "level": "info", "timestamp": "2026-08-05T16:29:56.744209Z"}
{"collection": "sections", "dim": 64, "event": "qdrant.collection_created", "level": "info", "timestamp": "2026-08-05T16:29:56.744521Z"}
{"collection": "clauses", "dim": 64, "event": "qdrant.collection_created", "level": "info", "timestamp": "2026-08-05T16:29:56.744819Z"}
{"doc_id": "d", "collections": {"documents": 1, "sections": 1}, "event": "index.graph_complete", "level": "info", "timestamp": "2026-08-05T16:29:56.745641Z"}
{"mode": "in-memory", "dim": 32, "event": "qdrant.connected", "level": "info", "timestamp": "2026-08-05T16:29:56.753046Z"}
{"collection": "documents", "dim": 32, "event": "qdrant.collection_created", "level": "info", "timestamp": "2026-08-05T16:29:56.753554Z"}
{"collection": "chapters", "dim": 32, "event": "qdrant.collection_created", "level": "info", "timestamp": "2026-08-05T16:29:56.753820Z"}
{"collection": "sections", "dim": 32, "event": "qdrant.collection_created", "level": "info", "timestamp": "2026-08-05T16:29:56.754057Z"}
{"collection": "clauses", "dim": 32, "event": "qdrant.collection_created", "level": "info", "timestamp": "2026-08-05T16:29:56.754281Z"}
{"doc_id": "doc1", "collections": {"documents": 1, "chapters": 2, "sections": 3}, "event": "index.graph_complete", "level": "info", "timestamp": "2026-08-05T16:29:56.755816Z"}
{"mode": "in-memory", "dim": 32, "event": "qdrant.connected", "level": "info", "timestamp": "2026-08-05T16:29:56.762709Z"}
{"collection": "documents", "dim": 32, "event": "qdrant.collection_created", "level": "info", "timestamp": "2026-08-05T16:29:56.763456Z"}
{"collection": "chapters", "dim": 32, "event": "qdrant.collection_created", "level": "info", "timestamp": "2026-08-05T16:29:56.763757Z"}
{"collection": "sections", "dim": 32, "event": "qdrant.collection_created", "level": "info", "timestamp": "2026-08-05T16:29:56.764011Z"}
{"collection": "clauses", "dim": 32, "event": "qdrant.collection_created", "level": "info", "timestamp": "2026-08-05T16:29:56.764243Z"}
{"doc_id": "doc1", "collections": {"documents": 1, "chapters": 2, "sections": 3}, "event": "index.graph_complete", "level": "info", "timestamp": "2026-08-05T16:29:56.766016Z"}
{"mode": "in-memory", "dim": 32, "event": "qdrant.connected", "level": "info", "timestamp": "2026-08-05T16:29:56.773901Z"}
{"collection": "documents", "dim": 32, "event": "qdrant.collection_created", "level": "info", "timestamp": "2026-08-05T16:29:56.774488Z"}
{"collection": "chapters", "dim": 32, "event": "qdrant.collection_created", "level": "info", "timestamp": "2026-08-05T16:29:56.774780Z"}
{"collection": "sections", "dim": 32, "event": "qdrant.collection_created", "level": "info", "timestamp": "2026-08-05T16:29:56.775025Z"}
{"collection": "clauses", "dim": 32, "event": "qdrant.collection_created", "level": "info", "timestamp": "2026-08-05T16:29:56.775256Z"}
{"doc_id": "doc1", "collections": {"documents": 1, "chapters": 2, "sections": 3}, "event": "index.graph_complete", "level": "info", "timestamp": "2026-08-05T16:29:56.777210Z"}
{"mode": "in-memory", "dim": 64, "event": "qdrant.connected", "level": "info", "timestamp": "2026-08-05T16:29:56.783759Z"}
{"collection": "documents", "dim": 64, "event": "qdrant.collection_created", "level": "info", "timestamp": "2026-08-05T16:29:56.784180Z"}
{"collection": "chapters", "dim": 64, "event": "qdrant.collection_created", "level": "info", "timestamp": "2026-08-05T16:29:56.784443Z"}
{"collection": "sections", "dim": 64, "event": "qdrant.collection_created", "level": "info", "timestamp": "2026-08-05T16:29:56.784683Z"}
{"collection": "clauses", "dim": 64, "event": "qdrant.collection_created", "level": "info", "timestamp": "2026-08-05T16:29:56.784924Z"}
{"doc_id": "docX", "collections": {"documents": 1, "sections": 2}, "event": "index.graph_complete", "level": "info", "timestamp": "2026-08-05T16:29:56.785661Z"}
{"mode": "in-memory", "dim": 64, "event": "qdrant.connected", "level": "info", "timestamp": "2026-08-05T16:29:56.792012Z"}
{"collection": "documents", "dim": 64, "event": "qdrant.collection_created", "level": "info", "timestamp": "2026-08-05T16:29:56.792448Z"}
{"collection": "chapters", "dim": 64, "event": "qdrant.collection_created", "level": "info", "timestamp": "2026-08-05T16:29:56.792750Z"}
{"collection": "sections", "dim": 64, "event": "qdrant.collection_created", "level": "info", "timestamp": "2026-08-05T16:29:56.793013Z"}
{"collection": "clauses", "dim": 64, "event": "qdrant.collection_created", "level": "info", "timestamp": "2026-08-05T16:29:56.793249Z"}
{"doc_id": "docX", "collections": {"documents": 1, "sections": 2}, "event": "index.graph_complete", "level": "info", "timestamp": "2026-08-05T16:29:56.793966Z"}
{"mode": "in-memory", "dim": 64, "event": "qdrant.connected", "level": "info", "timestamp": "2026-08-05T16:29:56.799967Z"}
{"collection": "documents", "dim": 64, "event": "qdrant.collection_created", "level": "info", "timestamp": "2026-08-05T16:29:56.800351Z"}
{"collection": "chapters", "dim": 64, "event": "qdrant.collection_created", "level": "info", "timestamp": "2026-08-05T16:29:56.800605Z"}
{"collection": "sections", "dim": 64, "event": "qdrant.collection_created", "level": "info", "timestamp": "2026-08-05T16:29:56.800851Z"}
{"collection": "clauses", "dim": 64, "event": "qdrant.collection_created", "level": "info", "timestamp": "2026-08-05T16:29:56.801079Z"}
{"doc_id": "docY", "collections": {"documents": 1, "sections": 2}, "event": "index.graph_complete", "level": "info", "timestamp": "2026-08-05T16:29:56.801755Z"}
{"mode": "in-memory", "dim": 32, "event": "qdrant.connected", "level": "info", "timestamp": "2026-08-05T16:29:56.809407Z"}
{"collection": "documents", "dim": 32, "event": "qdrant.collection_created", "level": "info", "timestamp": "2026-08-05T16:29:56.810120Z"}
{"collection": "chapters", "dim": 32, "event": "qdrant.collection_created", "level": "info", "timestamp": "2026-08-05T16:29:56.810410Z"}
{"collection": "sections", "dim": 32, "event": "qdrant.collection_created", "level": "info", "timestamp": "2026-08-05T16:29:56.810680Z"}
{"collection": "clauses", "dim": 32, "event": "qdrant.collection_created", "level": "info", "timestamp": "2026-08-05T16:29:56.810939Z"}
{"doc_id": "doc1", "collections": {"documents": 1, "chapters": 2, "sections": 3}, "event": "index.graph_complete", "level": "info", "timestamp": "2026-08-05T16:29:56.812427Z"}
{"mode": "in-memory", "dim": 32, "event": "qdrant.connected", "level": "info", "timestamp": "2026-08-05T16:29:56.818466Z"}
{"collection": "documents", "dim": 32, "event": "qdrant.collection_created", "level": "info", "timestamp": "2026-08-05T16:29:56.818884Z"}
{"collection": "chapters", "dim": 32, "event": "qdrant.collection_created", "level": "info", "timestamp": "2026-08-05T16:29:56.819159Z"}
{"collection": "sections", "dim": 32, "event": "qdrant.collection_created", "level": "info", "timestamp": "2026-08-05T16:29:56.819384Z"}
{"collection": "clauses", "dim": 32, "event": "qdrant.collection_created", "level": "info", "timestamp": "2026-08-05T16:29:56.819604Z"}
{"mode": "in-memory", "dim": 32, "event": "qdrant.connected", "level": "info", "timestamp": "2026-08-05T16:29:56.825601Z"}
{"collection": "documents", "dim": 32, "event": "qdrant.collection_created", "level": "info", "timestamp": "2026-08-05T16:29:56.825979Z"}
{"collection": "chapters", "dim": 32, "event": "qdrant.collection_created", "level": "info", "timestamp": "2026-08-05T16:29:56.826237Z"}
{"collection": "sections", "dim": 32, "event": "qdrant.collection_created", "level": "info", "timestamp": "2026-08-05T16:29:56.826469Z"}
{"collection": "clauses", "dim": 32, "event": "qdrant.collection_created", "level": "info", "timestamp": "2026-08-05T16:29:56.826689Z"}
{"doc_id": "doc1", "collections": {"documents": 1, "chapters": 2, "sections": 3}, "event": "index.graph_complete", "level": "info", "timestamp": "2026-08-05T16:29:56.828115Z"}
{"query": "performance of contracts", "seeds": 2, "candidates": 3, "returned": 3, "event": "retrieval.complete", "level": "info", "timestamp": "2026-08-05T16:29:56.829573Z"}
{"query": "performance of contracts", "candidates": 6, "returned": 5, "event": "retrieval.hybrid_complete", "level": "info", "timestamp": "2026-08-05T16:29:56.830881Z"}
{"mode": "in-memory", "dim": 32, "event": "qdrant.connected", "level": "info", "timestamp": "2026-08-05T16:29:56.838847Z"}
{"collection": "documents", "dim": 32, "event": "qdrant.collection_created", "level": "info", "timestamp": "2026-08-05T16:29:56.839668Z"}
{"collection": "chapters", "dim": 32, "event": "qdrant.collection_created", "level": "info", "timestamp": "2026-08-05T16:29:56.840018Z"}
{"collection": "sections", "dim": 32, "event": "qdrant.collection_created", "level": "info", "timestamp": "2026-08-05T16:29:56.840270Z"}
{"collection": "clauses", "dim": 32, "event": "qdrant.collection_created", "level": "info", "timestamp": "2026-08-05T16:29:56.840503Z"}
{"doc_id": "doc1", "collections": {"documents": 1, "chapters": 2, "sections": 3}, "event": "index.graph_complete", "level": "info", "timestamp": "2026-08-05T16:29:56.842395Z"}
{"query": "performance of contracts", "seeds": 2, "candidates": 3, "returned": 3, "event": "retrieval.complete", "level": "info", "timestamp": "2026-08-05T16:29:56.843964Z"}
{"query": "performance of contracts", "candidates": 6, "returned": 5, "event": "retrieval.hybrid_complete", "level": "info", "timestamp": "2026-08-05T16:29:56.845298Z"}
{"mode": "in-memory", "dim": 32, "event": "qdrant.connected", "level": "info", "timestamp": "2026-08-05T16:29:56.851424Z"}
{"collection": "documents", "dim": 32, "event": "qdrant.collection_created", "level": "info", "timestamp": "2026-08-05T16:29:56.851892Z"}
{"collection": "chapters", "dim": 32, "event": "qdrant.collection_created", "level": "info", "timestamp": "2026-08-05T16:29:56.852163Z"}
{"collection": "sections", "dim": 32, "event": "qdrant.collection_created", "level": "info", "timestamp": "2026-08-05T16:29:56.852428Z"}
{"collection": "clauses", "dim": 32, "event": "qdrant.collection_created", "level": "info", "timestamp": "2026-08-05T16:29:56.852700Z"}
{"doc_id": "doc1", "collections": {"documents": 1, "chapters": 2, "sections": 3}, "event": "index.graph_complete", "level": "info", "timestamp": "2026-08-05T16:29:56.854518Z"}
{"query": "performance of contracts", "seeds": 2, "candidates": 3, "returned": 3, "event": "retrieval.complete", "level": "info", "timestamp": "2026-08-05T16:29:56.855849Z"}
{"query": "performance of contracts", "candidates": 6, "returned": 6, "event": "retrieval.hybrid_complete", "level": "info", "timestamp": "2026-08-05T16:29:56.856876Z"}
{"mode": "in-memory", "dim": 32, "event": "qdrant.connected", "level": "info", "timestamp": "2026-08-05T16:29:56.862758Z"}
{"collection": "documents", "dim": 32, "event": "qdrant.collection_created", "level": "info", "timestamp": "2026-08-05T16:29:56.863533Z"}
{"collection": "chapters", "dim": 32, "event": "qdrant.collection_created", "level": "info", "timestamp": "2026-08-05T16:29:56.863893Z"}
{"collection": "sections", "dim": 32, "event": "qdrant.collection_created", "level": "info", "timestamp": "2026-08-05T16:29:56.864259Z"}
{"collection": "clauses", "dim": 32, "event": "qdrant.collection_created", "level": "info", "timestamp": "2026-08-05T16:29:56.864533Z"}
{"doc_id": "doc1", "collections": {"documents": 1, "chapters": 2, "sections": 3}, "event": "index.graph_complete", "level": "info", "timestamp": "2026-08-05T16:29:56.866693Z"}
{"query": "performance of contracts", "seeds": 2, "candidates": 3, "returned": 3, "event": "retrieval.complete", "level": "info", "timestamp": "2026-08-05T16:29:56.868051Z"}
{"query": "performance of contracts", "candidates": 6, "returned": 6, "event": "retrieval.hybrid_complete", "level": "info", "timestamp": "2026-08-05T16:29:56.869554Z"}
{"mode": "in-memory", "dim": 32, "event": "qdrant.connected", "level": "info", "timestamp": "2026-08-05T16:29:56.875814Z"}
{"collection": "documents", "dim": 32, "event": "qdrant.collection_created", "level": "info", "timestamp": "2026-08-05T16:29:56.876477Z"}
{"collection": "chapters", "dim": 32, "event": "qdrant.collection_created", "level": "info", "timestamp": "2026-08-05T16:29:56.876892Z"}
{"collection": "sections", "dim": 32, "event": "qdrant.collection_created", "level": "info", "timestamp": "2026-08-05T16:29:56.877188Z"}
{"collection": "clauses", "dim": 32, "event": "qdrant.collection_created", "level": "info", "timestamp": "2026-08-05T16:29:56.877595Z"}
{"query": "performance of contracts", "seeds": 2, "candidates": 3, "returned": 3, "event": "retrieval.complete", "level": "info", "timestamp": "2026-08-05T16:29:56.879239Z"}
{"query": "performance of contracts", "candidates": 3, "returned": 3, "event": "retrieval.hybrid_complete", "level": "info", "timestamp": "2026-08-05T16:29:56.880118Z"}
{"mode": "in-memory", "dim": 32, "event": "qdrant.connected", "level": "info", "timestamp": "2026-08-05T16:29:56.885852Z"}
{"collection": "documents", "dim": 32, "event": "qdrant.collection_created", "level": "info", "timestamp": "2026-08-05T16:29:56.886302Z"}
{"collection": "chapters", "dim": 32, "event": "qdrant.collection_created", "level": "info", "timestamp": "2026-08-05T16:29:56.886566Z"}
{"collection": "sections", "dim": 32, "event": "qdrant.collection_created", "level": "info", "timestamp": "2026-08-05T16:29:56.886821Z"}
{"collection": "clauses", "dim": 32, "event": "qdrant.collection_created", "level": "info", "timestamp": "2026-08-05T16:29:56.887045Z"}
{"doc_id": "doc1", "collections": {"documents": 1, "chapters": 2, "sections": 3}, "event": "index.graph_complete", "level": "info", "timestamp": "2026-08-05T16:29:56.888504Z"}
{"query": "section 4", "seeds": 1, "candidates": 3, "returned": 3, "event": "retrieval.complete", "level": "info", "timestamp": "2026-08-05T16:29:56.889722Z"}
{"query": "section 4", "candidates": 6, "returned": 5, "event": "retrieval.hybrid_complete", "level": "info", "timestamp": "2026-08-05T16:29:56.891100Z"}
{"mode": "in-memory", "dim": 32, "event": "qdrant.connected", "level": "info", "timestamp": "2026-08-05T16:29:56.898871Z"}
{"collection": "documents", "dim": 32, "event": "qdrant.collection_created", "level": "info", "timestamp": "2026-08-05T16:29:56.899540Z"}
{"collection": "chapters", "dim": 32, "event": "qdrant.collection_created", "level": "info", "timestamp": "2026-08-05T16:29:56.899826Z"}
{"collection": "sections", "dim": 32, "event": "qdrant.collection_created", "level": "info", "timestamp": "2026-08-05T16:29:56.900116Z"}
{"collection": "clauses", "dim": 32, "event": "qdrant.collection_created", "level": "info", "timestamp": "2026-08-05T16:29:56.900364Z"}
{"doc_id": "doc1", "collections": {"documents": 1, "chapters": 2, "sections": 3}, "event": "index.graph_complete", "level": "info", "timestamp": "2026-08-05T16:29:56.902577Z"}
{"query": "performance of contracts", "seeds": 2, "candidates": 3, "returned": 3, "event": "retrieval.complete", "level": "info", "timestamp": "2026-08-05T16:29:56.904201Z"}
{"query": "performance of contracts", "candidates": 6, "returned": 5, "event": "retrieval.hybrid_complete", "level": "info", "timestamp": "2026-08-05T16:29:56.905422Z"}
{"mode": "in-memory", "dim": 32, "event": "qdrant.connected", "level": "info", "timestamp": "2026-08-05T16:29:56.913458Z"}
{"collection": "documents", "dim": 32, "event": "qdrant.collection_created", "level": "info", "timestamp": "2026-08-05T16:29:56.913944Z"}
{"collection": "chapters", "dim": 32, "event": "qdrant.collection_created", "level": "info", "timestamp": "2026-08-05T16:29:56.914209Z"}
{"collection": "sections", "dim": 32, "event": "qdrant.collection_created", "level": "info", "timestamp": "2026-08-05T16:29:56.914445Z"}
{"collection": "clauses", "dim": 32, "event": "qdrant.collection_created", "level": "info", "timestamp": "2026-08-05T16:29:56.914669Z"}
{"doc_id": "doc1", "collections": {"documents": 1, "chapters": 2, "sections": 3}, "event": "index.graph_complete", "level": "info", "timestamp": "2026-08-05T16:29:56.916302Z"}
{"query": "performance of contracts", "seeds": 2, "candidates": 3, "returned": 3, "event": "retrieval.complete", "level": "info", "timestamp": "2026-08-05T16:29:56.917778Z"}
{"query": "performance of contracts", "candidates": 6, "returned": 5, "event": "retrieval.hybrid_complete", "level": "info", "timestamp": "2026-08-05T16:29:56.918995Z"}
{"mode": "in-memory", "dim": 32, "event": "qdrant.connected", "level": "info", "timestamp": "2026-08-05T16:29:56.924788Z"}
{"collection": "documents", "dim": 32, "event": "qdrant.collection_created", "level": "info", "timestamp": "2026-08-05T16:29:56.925301Z"}
{"collection": "chapters", "dim": 32, "event": "qdrant.collection_created", "level": "info", "timestamp": "2026-08-05T16:29:56.925582Z"}
{"collection": "sections", "dim": 32, "event": "qdrant.collection_created", "level": "info", "timestamp": "2026-08-05T16:29:56.925824Z"}
{"collection": "clauses", "dim": 32, "event": "qdrant.collection_created", "level": "info", "timestamp": "2026-08-05T16:29:56.926051Z"}
{"doc_id": "doc1", "collections": {"documents": 1, "chapters": 2, "sections": 3}, "event": "index.graph_complete", "level": "info", "timestamp": "2026-08-05T16:29:56.928146Z"}
{"query": "performance of contracts", "seeds": 2, "candidates": 3, "returned": 3, "event": "retrieval.complete", "level": "info", "timestamp": "2026-08-05T16:29:56.929626Z"}
{"query": "performance of contracts", "candidates": 6, "returned": 5, "event": "retrieval.hybrid_complete", "level": "info", "timestamp": "2026-08-05T16:29:56.930894Z"}
{"mode": "in-memory", "dim": 32, "event": "qdrant.connected", "level": "info", "timestamp": "2026-08-05T16:29:56.937938Z"}
{"collection": "documents", "dim": 32, "event": "qdrant.collection_created", "level": "info", "timestamp": "2026-08-05T16:29:56.938574Z"}
{"collection": "chapters", "dim": 32, "event": "qdrant.collection_created", "level": "info", "timestamp": "2026-08-05T16:29:56.938962Z"}
{"collection": "sections", "dim": 32, "event": "qdrant.collection_created", "level": "info", "timestamp": "2026-08-05T16:29:56.939261Z"}
{"collection": "clauses", "dim": 32, "event": "qdrant.collection_created", "level": "info", "timestamp": "2026-08-05T16:29:56.939505Z"}
{"doc_id": "doc1", "collections": {"documents": 1, "chapters": 2, "sections": 3}, "event": "index.graph_complete", "level": "info", "timestamp": "2026-08-05T16:29:56.941118Z"}
{"query": "performance of contracts", "seeds": 2, "candidates": 3, "returned": 3, "event": "retrieval.complete", "level": "info", "timestamp": "2026-08-05T16:29:56.942270Z"}
{"query": "performance of contracts", "candidates": 6, "returned": 5, "event": "retrieval.hybrid_complete", "level": "info", "timestamp": "2026-08-05T16:29:56.943549Z"}
{"query": "performance of contracts", "seeds": 2, "candidates": 3, "returned": 3, "event": "retrieval.complete", "level": "info", "timestamp": "2026-08-05T16:29:56.944659Z"}
{"query": "performance of contracts", "candidates": 6, "returned": 5, "event": "retrieval.hybrid_complete", "level": "info", "timestamp": "2026-08-05T16:29:56.946171Z"}
{"env": "development", "version": "0.1.0", "event": "app.starting", "level": "info", "timestamp": "2026-08-05T16:30:17.568102Z"}
{"event": "HTTP Request: GET http://testserver/api/v1/health \"HTTP/1.1 200 OK\"", "level": "info", "timestamp": "2026-08-05T16:30:17.573801Z"}
{"event": "HTTP Request: GET http://testserver/api/v1/live \"HTTP/1.1 200 OK\"", "level": "info", "timestamp": "2026-08-05T16:30:17.575522Z"}
{"event": "HTTP Request: GET http://testserver/metrics \"HTTP/1.1 200 OK\"", "level": "info", "timestamp": "2026-08-05T16:30:17.576456Z"}
{"event": "HTTP Request: GET http://testserver/api/v1/check/llm \"HTTP/1.1 200 OK\"", "level": "info", "timestamp": "2026-08-05T16:30:17.579236Z"}
{"event": "app.stopping", "level": "info", "timestamp": "2026-08-05T16:30:17.579688Z"}
{"env": "development", "version": "0.1.0", "event": "app.starting", "level": "info", "timestamp": "2026-08-05T16:31:05.110548Z"}
{"event": "HTTP Request: GET http://testserver/ \"HTTP/1.1 200 OK\"", "level": "info", "timestamp": "2026-08-05T16:31:05.118322Z"}
{"event": "app.stopping", "level": "info", "timestamp": "2026-08-05T16:31:05.119398Z"}
{"env": "development", "version": "0.1.0", "event": "app.starting", "level": "info", "timestamp": "2026-08-05T16:31:05.125119Z"}
{"event": "HTTP Request: GET http://testserver/api/v1/health \"HTTP/1.1 200 OK\"", "level": "info", "timestamp": "2026-08-05T16:31:05.129797Z"}
{"event": "app.stopping", "level": "info", "timestamp": "2026-08-05T16:31:05.130773Z"}
{"env": "development", "version": "0.1.0", "event": "app.starting", "level": "info", "timestamp": "2026-08-05T16:31:05.135132Z"}
{"event": "HTTP Request: GET http://testserver/api/v1/ready \"HTTP/1.1 200 OK\"", "level": "info", "timestamp": "2026-08-05T16:31:05.137518Z"}
{"event": "app.stopping", "level": "info", "timestamp": "2026-08-05T16:31:05.138212Z"}
{"env": "development", "version": "0.1.0", "event": "app.starting", "level": "info", "timestamp": "2026-08-05T16:31:05.142195Z"}
{"event": "HTTP Request: GET http://testserver/api/v1/live \"HTTP/1.1 200 OK\"", "level": "info", "timestamp": "2026-08-05T16:31:05.144204Z"}
{"event": "app.stopping", "level": "info", "timestamp": "2026-08-05T16:31:05.144906Z"}
{"env": "development", "version": "0.1.0", "event": "app.starting", "level": "info", "timestamp": "2026-08-05T16:31:05.148628Z"}
{"event": "HTTP Request: GET http://testserver/api/v1/check/llm \"HTTP/1.1 200 OK\"", "level": "info", "timestamp": "2026-08-05T16:31:05.151315Z"}
{"event": "app.stopping", "level": "info", "timestamp": "2026-08-05T16:31:05.152218Z"}
{"env": "development", "version": "0.1.0", "event": "app.starting", "level": "info", "timestamp": "2026-08-05T16:31:05.155910Z"}
{"error": "Couldn't connect to localhost:7687 (resolved to ('[::1]:7687', '127.0.0.1:7687')):\nTimed out trying to establish connection to ResolvedIPv6Address(('::1', 7687, 0, 0))\nFailed to establish connection to ResolvedIPv4Address(('127.0.0.1', 7687)) (reason [WinError 10061] No connection could be made because the target machine actively refused it)", "event": "health.database_failed", "level": "warning", "timestamp": "2026-08-05T16:31:08.725368Z"}
{"event": "HTTP Request: GET http://testserver/api/v1/check/database \"HTTP/1.1 200 OK\"", "level": "info", "timestamp": "2026-08-05T16:31:08.728827Z"}
{"event": "app.stopping", "level": "info", "timestamp": "2026-08-05T16:31:08.730303Z"}
{"env": "development", "version": "0.1.0", "event": "app.starting", "level": "info", "timestamp": "2026-08-05T16:31:08.736537Z"}
{"error": "timed out", "event": "health.vector_failed", "level": "warning", "timestamp": "2026-08-05T16:31:11.149427Z"}
{"event": "HTTP Request: GET http://testserver/api/v1/check/vector \"HTTP/1.1 200 OK\"", "level": "info", "timestamp": "2026-08-05T16:31:11.153072Z"}
{"event": "app.stopping", "level": "info", "timestamp": "2026-08-05T16:31:11.154259Z"}
{"env": "development", "version": "0.1.0", "event": "app.starting", "level": "info", "timestamp": "2026-08-05T16:31:11.160711Z"}
{"error": "Couldn't connect to localhost:7687 (resolved to ('[::1]:7687', '127.0.0.1:7687')):\nTimed out trying to establish connection to ResolvedIPv6Address(('::1', 7687, 0, 0))\nFailed to establish connection to ResolvedIPv4Address(('127.0.0.1', 7687)) (reason [WinError 10061] No connection could be made because the target machine actively refused it)", "event": "health.database_failed", "level": "warning", "timestamp": "2026-08-05T16:31:14.228319Z"}
{"event": "HTTP Request: GET http://testserver/api/v1/check/database \"HTTP/1.1 200 OK\"", "level": "info", "timestamp": "2026-08-05T16:31:14.230466Z"}
{"error": "timed out", "event": "health.vector_failed", "level": "warning", "timestamp": "2026-08-05T16:31:16.644821Z"}
{"event": "HTTP Request: GET http://testserver/api/v1/check/vector \"HTTP/1.1 200 OK\"", "level": "info", "timestamp": "2026-08-05T16:31:16.647249Z"}
{"event": "HTTP Request: GET http://testserver/api/v1/check/llm \"HTTP/1.1 200 OK\"", "level": "info", "timestamp": "2026-08-05T16:31:16.649039Z"}
{"event": "app.stopping", "level": "info", "timestamp": "2026-08-05T16:31:16.649906Z"}
{"file": "C:\\Users\\Krish\\AppData\\Local\\Temp\\pytest-of-Krish\\pytest-24\\test_parse_returns_hierarchy0\\test_act.pdf", "ext": ".pdf", "event": "ingestion.start", "level": "info", "timestamp": "2026-08-05T16:31:16.715915Z"}
{"lang": "en", "file": "C:\\Users\\Krish\\AppData\\Local\\Temp\\pytest-of-Krish\\pytest-24\\test_parse_returns_hierarchy0\\test_act.pdf", "event": "language.detected", "level": "info", "timestamp": "2026-08-05T16:31:17.090684Z"}
{"file": "C:\\Users\\Krish\\AppData\\Local\\Temp\\pytest-of-Krish\\pytest-24\\test_parse_returns_hierarchy0\\test_act.pdf", "output": "C:\\Users\\Krish\\Project2\\data\\processed\\76e9df581631c298.json", "doc_id": "76e9df581631c298", "event": "ingestion.complete", "level": "info", "timestamp": "2026-08-05T16:31:17.093257Z"}
{"document_id": "76e9df581631c298", "event": "hierarchy.parse.start", "level": "info", "timestamp": "2026-08-05T16:31:17.094411Z"}
{"document_id": "76e9df581631c298", "nodes": 11, "warnings": 0, "event": "hierarchy.parse.complete", "level": "info", "timestamp": "2026-08-05T16:31:17.095106Z"}
{"file": "C:\\Users\\Krish\\AppData\\Local\\Temp\\pytest-of-Krish\\pytest-24\\test_parse_finds_chapters0\\test_act.pdf", "ext": ".pdf", "event": "ingestion.start", "level": "info", "timestamp": "2026-08-05T16:31:17.101997Z"}
{"lang": "en", "file": "C:\\Users\\Krish\\AppData\\Local\\Temp\\pytest-of-Krish\\pytest-24\\test_parse_finds_chapters0\\test_act.pdf", "event": "language.detected", "level": "info", "timestamp": "2026-08-05T16:31:17.164720Z"}
{"file": "C:\\Users\\Krish\\AppData\\Local\\Temp\\pytest-of-Krish\\pytest-24\\test_parse_finds_chapters0\\test_act.pdf", "output": "C:\\Users\\Krish\\Project2\\data\\processed\\61f1853bd1ac6897.json", "doc_id": "61f1853bd1ac6897", "event": "ingestion.complete", "level": "info", "timestamp": "2026-08-05T16:31:17.167295Z"}
{"document_id": "61f1853bd1ac6897", "event": "hierarchy.parse.start", "level": "info", "timestamp": "2026-08-05T16:31:17.168564Z"}
{"document_id": "61f1853bd1ac6897", "nodes": 11, "warnings": 0, "event": "hierarchy.parse.complete", "level": "info", "timestamp": "2026-08-05T16:31:17.169212Z"}
{"file": "C:\\Users\\Krish\\AppData\\Local\\Temp\\pytest-of-Krish\\pytest-24\\test_parse_finds_sections0\\test_act.pdf", "ext": ".pdf", "event": "ingestion.start", "level": "info", "timestamp": "2026-08-05T16:31:17.175229Z"}
{"lang": "en", "file": "C:\\Users\\Krish\\AppData\\Local\\Temp\\pytest-of-Krish\\pytest-24\\test_parse_finds_sections0\\test_act.pdf", "event": "language.detected", "level": "info", "timestamp": "2026-08-05T16:31:17.235236Z"}
{"file": "C:\\Users\\Krish\\AppData\\Local\\Temp\\pytest-of-Krish\\pytest-24\\test_parse_finds_sections0\\test_act.pdf", "output": "C:\\Users\\Krish\\Project2\\data\\processed\\ddcc584524f01cad.json", "doc_id": "ddcc584524f01cad", "event": "ingestion.complete", "level": "info", "timestamp": "2026-08-05T16:31:17.237435Z"}
{"document_id": "ddcc584524f01cad", "event": "hierarchy.parse.start", "level": "info", "timestamp": "2026-08-05T16:31:17.238563Z"}
{"document_id": "ddcc584524f01cad", "nodes": 11, "warnings": 0, "event": "hierarchy.parse.complete", "level": "info", "timestamp": "2026-08-05T16:31:17.239177Z"}
{"file": "C:\\Users\\Krish\\AppData\\Local\\Temp\\pytest-of-Krish\\pytest-24\\test_parse_has_nested_set0\\test_act.pdf", "ext": ".pdf", "event": "ingestion.start", "level": "info", "timestamp": "2026-08-05T16:31:17.245973Z"}
{"lang": "en", "file": "C:\\Users\\Krish\\AppData\\Local\\Temp\\pytest-of-Krish\\pytest-24\\test_parse_has_nested_set0\\test_act.pdf", "event": "language.detected", "level": "info", "timestamp": "2026-08-05T16:31:17.298991Z"}
{"file": "C:\\Users\\Krish\\AppData\\Local\\Temp\\pytest-of-Krish\\pytest-24\\test_parse_has_nested_set0\\test_act.pdf", "output": "C:\\Users\\Krish\\Project2\\data\\processed\\646558f4bf04d49a.json", "doc_id": "646558f4bf04d49a", "event": "ingestion.complete", "level": "info", "timestamp": "2026-08-05T16:31:17.301167Z"}
{"document_id": "646558f4bf04d49a", "event": "hierarchy.parse.start", "level": "info", "timestamp": "2026-08-05T16:31:17.302345Z"}
{"document_id": "646558f4bf04d49a", "nodes": 11, "warnings": 0, "event": "hierarchy.parse.complete", "level": "info", "timestamp": "2026-08-05T16:31:17.302957Z"}
{"file": "C:\\Users\\Krish\\AppData\\Local\\Temp\\pytest-of-Krish\\pytest-24\\test_parse_parent_child0\\test_act.pdf", "ext": ".pdf", "event": "ingestion.start", "level": "info", "timestamp": "2026-08-05T16:31:17.308854Z"}
{"lang": "en", "file": "C:\\Users\\Krish\\AppData\\Local\\Temp\\pytest-of-Krish\\pytest-24\\test_parse_parent_child0\\test_act.pdf", "event": "language.detected", "level": "info", "timestamp": "2026-08-05T16:31:17.365636Z"}
{"file": "C:\\Users\\Krish\\AppData\\Local\\Temp\\pytest-of-Krish\\pytest-24\\test_parse_parent_child0\\test_act.pdf", "output": "C:\\Users\\Krish\\Project2\\data\\processed\\b2a77ae9f3577df9.json", "doc_id": "b2a77ae9f3577df9", "event": "ingestion.complete", "level": "info", "timestamp": "2026-08-05T16:31:17.368155Z"}
{"document_id": "b2a77ae9f3577df9", "event": "hierarchy.parse.start", "level": "info", "timestamp": "2026-08-05T16:31:17.369333Z"}
{"document_id": "b2a77ae9f3577df9", "nodes": 11, "warnings": 0, "event": "hierarchy.parse.complete", "level": "info", "timestamp": "2026-08-05T16:31:17.369961Z"}
{"file": "C:\\Users\\Krish\\AppData\\Local\\Temp\\pytest-of-Krish\\pytest-24\\test_saves_json0\\test_act.pdf", "ext": ".pdf", "event": "ingestion.start", "level": "info", "timestamp": "2026-08-05T16:31:17.375529Z"}
{"lang": "en", "file": "C:\\Users\\Krish\\AppData\\Local\\Temp\\pytest-of-Krish\\pytest-24\\test_saves_json0\\test_act.pdf", "event": "language.detected", "level": "info", "timestamp": "2026-08-05T16:31:17.439493Z"}
{"file": "C:\\Users\\Krish\\AppData\\Local\\Temp\\pytest-of-Krish\\pytest-24\\test_saves_json0\\test_act.pdf", "output": "C:\\Users\\Krish\\Project2\\data\\processed\\6c87078fae14b563.json", "doc_id": "6c87078fae14b563", "event": "ingestion.complete", "level": "info", "timestamp": "2026-08-05T16:31:17.442287Z"}
{"document_id": "6c87078fae14b563", "event": "hierarchy.parse.start", "level": "info", "timestamp": "2026-08-05T16:31:17.444056Z"}
{"document_id": "6c87078fae14b563", "nodes": 11, "warnings": 0, "event": "hierarchy.parse.complete", "level": "info", "timestamp": "2026-08-05T16:31:17.445054Z"}
{"path": "C:\\Users\\Krish\\Project2\\data\\hierarchy\\6c87078fae14b563.json", "event": "hierarchy.saved", "level": "info", "timestamp": "2026-08-05T16:31:17.446468Z"}
{"file": "C:\\Users\\Krish\\AppData\\Local\\Temp\\pytest-of-Krish\\pytest-24\\test_saved_json_has_correct_st0\\test_act.pdf", "ext": ".pdf", "event": "ingestion.start", "level": "info", "timestamp": "2026-08-05T16:31:17.453456Z"}
{"lang": "en", "file": "C:\\Users\\Krish\\AppData\\Local\\Temp\\pytest-of-Krish\\pytest-24\\test_saved_json_has_correct_st0\\test_act.pdf", "event": "language.detected", "level": "info", "timestamp": "2026-08-05T16:31:17.519225Z"}
{"file": "C:\\Users\\Krish\\AppData\\Local\\Temp\\pytest-of-Krish\\pytest-24\\test_saved_json_has_correct_st0\\test_act.pdf", "output": "C:\\Users\\Krish\\Project2\\data\\processed\\cbb175cf5aabfc37.json", "doc_id": "cbb175cf5aabfc37", "event": "ingestion.complete", "level": "info", "timestamp": "2026-08-05T16:31:17.521916Z"}
{"document_id": "cbb175cf5aabfc37", "event": "hierarchy.parse.start", "level": "info", "timestamp": "2026-08-05T16:31:17.523663Z"}
{"document_id": "cbb175cf5aabfc37", "nodes": 11, "warnings": 0, "event": "hierarchy.parse.complete", "level": "info", "timestamp": "2026-08-05T16:31:17.524304Z"}
{"path": "C:\\Users\\Krish\\Project2\\data\\hierarchy\\cbb175cf5aabfc37.json", "event": "hierarchy.saved", "level": "info", "timestamp": "2026-08-05T16:31:17.525817Z"}
{"mode": "in-memory", "dim": 32, "event": "qdrant.connected", "level": "info", "timestamp": "2026-08-05T16:31:17.532864Z"}
{"collection": "documents", "dim": 32, "event": "qdrant.collection_created", "level": "info", "timestamp": "2026-08-05T16:31:17.533665Z"}
{"collection": "chapters", "dim": 32, "event": "qdrant.collection_created", "level": "info", "timestamp": "2026-08-05T16:31:17.534001Z"}
{"collection": "sections", "dim": 32, "event": "qdrant.collection_created", "level": "info", "timestamp": "2026-08-05T16:31:17.534360Z"}
{"collection": "clauses", "dim": 32, "event": "qdrant.collection_created", "level": "info", "timestamp": "2026-08-05T16:31:17.534650Z"}
{"doc_id": "doc1", "collections": {"documents": 1, "chapters": 2, "sections": 2}, "event": "index.graph_complete", "level": "info", "timestamp": "2026-08-05T16:31:17.536982Z"}
{"mode": "in-memory", "dim": 32, "event": "qdrant.connected", "level": "info", "timestamp": "2026-08-05T16:31:17.545924Z"}
{"collection": "documents", "dim": 32, "event": "qdrant.collection_created", "level": "info", "timestamp": "2026-08-05T16:31:17.546619Z"}
{"collection": "chapters", "dim": 32, "event": "qdrant.collection_created", "level": "info", "timestamp": "2026-08-05T16:31:17.547131Z"}
{"collection": "sections", "dim": 32, "event": "qdrant.collection_created", "level": "info", "timestamp": "2026-08-05T16:31:17.547589Z"}
{"collection": "clauses", "dim": 32, "event": "qdrant.collection_created", "level": "info", "timestamp": "2026-08-05T16:31:17.547983Z"}
{"doc_id": "doc1", "collections": {"documents": 1, "chapters": 2, "sections": 2}, "event": "index.graph_complete", "level": "info", "timestamp": "2026-08-05T16:31:17.550339Z"}
{"mode": "in-memory", "dim": 32, "event": "qdrant.connected", "level": "info", "timestamp": "2026-08-05T16:31:17.559134Z"}
{"collection": "documents", "dim": 32, "event": "qdrant.collection_created", "level": "info", "timestamp": "2026-08-05T16:31:17.559710Z"}
{"collection": "chapters", "dim": 32, "event": "qdrant.collection_created", "level": "info", "timestamp": "2026-08-05T16:31:17.560181Z"}
{"collection": "sections", "dim": 32, "event": "qdrant.collection_created", "level": "info", "timestamp": "2026-08-05T16:31:17.560591Z"}
{"collection": "clauses", "dim": 32, "event": "qdrant.collection_created", "level": "info", "timestamp": "2026-08-05T16:31:17.561015Z"}
{"doc_id": "doc1", "collections": {"documents": 1, "chapters": 2, "sections": 2}, "event": "index.graph_complete", "level": "info", "timestamp": "2026-08-05T16:31:17.563104Z"}
{"mode": "in-memory", "dim": 32, "event": "qdrant.connected", "level": "info", "timestamp": "2026-08-05T16:31:17.570698Z"}
{"collection": "documents", "dim": 32, "event": "qdrant.collection_created", "level": "info", "timestamp": "2026-08-05T16:31:17.571472Z"}
{"collection": "chapters", "dim": 32, "event": "qdrant.collection_created", "level": "info", "timestamp": "2026-08-05T16:31:17.571933Z"}
{"collection": "sections", "dim": 32, "event": "qdrant.collection_created", "level": "info", "timestamp": "2026-08-05T16:31:17.572344Z"}
{"collection": "clauses", "dim": 32, "event": "qdrant.collection_created", "level": "info", "timestamp": "2026-08-05T16:31:17.572633Z"}
{"doc_id": "doc1", "collections": {"documents": 1, "chapters": 2, "sections": 2}, "event": "index.graph_complete", "level": "info", "timestamp": "2026-08-05T16:31:17.574856Z"}
{"mode": "in-memory", "dim": 32, "event": "qdrant.connected", "level": "info", "timestamp": "2026-08-05T16:31:17.583055Z"}
{"collection": "documents", "dim": 32, "event": "qdrant.collection_created", "level": "info", "timestamp": "2026-08-05T16:31:17.583737Z"}
{"collection": "chapters", "dim": 32, "event": "qdrant.collection_created", "level": "info", "timestamp": "2026-08-05T16:31:17.584034Z"}
{"collection": "sections", "dim": 32, "event": "qdrant.collection_created", "level": "info", "timestamp": "2026-08-05T16:31:17.584272Z"}
{"collection": "clauses", "dim": 32, "event": "qdrant.collection_created", "level": "info", "timestamp": "2026-08-05T16:31:17.584500Z"}
{"doc_id": "doc1", "collections": {"sections": 1}, "event": "index.graph_complete", "level": "info", "timestamp": "2026-08-05T16:31:17.585634Z"}
{"mode": "in-memory", "dim": 32, "event": "qdrant.connected", "level": "info", "timestamp": "2026-08-05T16:31:17.591760Z"}
{"collection": "documents", "dim": 32, "event": "qdrant.collection_created", "level": "info", "timestamp": "2026-08-05T16:31:17.592201Z"}
{"collection": "chapters", "dim": 32, "event": "qdrant.collection_created", "level": "info", "timestamp": "2026-08-05T16:31:17.592463Z"}
{"collection": "sections", "dim": 32, "event": "qdrant.collection_created", "level": "info", "timestamp": "2026-08-05T16:31:17.592696Z"}
{"collection": "clauses", "dim": 32, "event": "qdrant.collection_created", "level": "info", "timestamp": "2026-08-05T16:31:17.592915Z"}
{"doc_id": "doc1", "collections": {"documents": 1, "chapters": 2, "sections": 2}, "event": "index.graph_complete", "level": "info", "timestamp": "2026-08-05T16:31:17.594356Z"}
{"mode": "in-memory", "dim": 32, "event": "qdrant.connected", "level": "info", "timestamp": "2026-08-05T16:31:17.600236Z"}
{"collection": "documents", "dim": 32, "event": "qdrant.collection_created", "level": "info", "timestamp": "2026-08-05T16:31:17.600653Z"}
{"collection": "chapters", "dim": 32, "event": "qdrant.collection_created", "level": "info", "timestamp": "2026-08-05T16:31:17.600913Z"}
{"collection": "sections", "dim": 32, "event": "qdrant.collection_created", "level": "info", "timestamp": "2026-08-05T16:31:17.601143Z"}
{"collection": "clauses", "dim": 32, "event": "qdrant.collection_created", "level": "info", "timestamp": "2026-08-05T16:31:17.601512Z"}
{"doc_id": "docA", "collections": {"documents": 1, "chapters": 1}, "event": "index.hierarchy_complete", "level": "info", "timestamp": "2026-08-05T16:31:17.605828Z"}
{"mode": "in-memory", "dim": 32, "event": "qdrant.connected", "level": "info", "timestamp": "2026-08-05T16:31:17.611772Z"}
{"collection": "documents", "dim": 32, "event": "qdrant.collection_created", "level": "info", "timestamp": "2026-08-05T16:31:17.612245Z"}
{"collection": "chapters", "dim": 32, "event": "qdrant.collection_created", "level": "info", "timestamp": "2026-08-05T16:31:17.612523Z"}
{"collection": "sections", "dim": 32, "event": "qdrant.collection_created", "level": "info", "timestamp": "2026-08-05T16:31:17.612810Z"}
{"collection": "clauses", "dim": 32, "event": "qdrant.collection_created", "level": "info", "timestamp": "2026-08-05T16:31:17.613052Z"}
{"doc_id": "doc1", "collections": {"documents": 1, "chapters": 2, "sections": 2}, "event": "index.graph_complete", "level": "info", "timestamp": "2026-08-05T16:31:17.614407Z"}
{"doc_id": "doc1", "indexed": 0, "skipped": 5, "event": "index.incremental_complete", "level": "info", "timestamp": "2026-08-05T16:31:17.614883Z"}
{"mode": "in-memory", "dim": 32, "event": "qdrant.connected", "level": "info", "timestamp": "2026-08-05T16:31:17.621669Z"}
{"collection": "documents", "dim": 32, "event": "qdrant.collection_created", "level": "info", "timestamp": "2026-08-05T16:31:17.622247Z"}
{"collection": "chapters", "dim": 32, "event": "qdrant.collection_created", "level": "info", "timestamp": "2026-08-05T16:31:17.622518Z"}
{"collection": "sections", "dim": 32, "event": "qdrant.collection_created", "level": "info", "timestamp": "2026-08-05T16:31:17.622752Z"}
{"collection": "clauses", "dim": 32, "event": "qdrant.collection_created", "level": "info", "timestamp": "2026-08-05T16:31:17.622979Z"}
{"doc_id": "doc1", "collections": {"documents": 1, "chapters": 2, "sections": 2}, "event": "index.graph_complete", "level": "info", "timestamp": "2026-08-05T16:31:17.624985Z"}
{"doc_id": "doc1", "indexed": 1, "skipped": 5, "event": "index.incremental_complete", "level": "info", "timestamp": "2026-08-05T16:31:17.625960Z"}
{"mode": "in-memory", "dim": 32, "event": "qdrant.connected", "level": "info", "timestamp": "2026-08-05T16:31:17.632569Z"}
{"collection": "documents", "dim": 32, "event": "qdrant.collection_created", "level": "info", "timestamp": "2026-08-05T16:31:17.633073Z"}
{"collection": "chapters", "dim": 32, "event": "qdrant.collection_created", "level": "info", "timestamp": "2026-08-05T16:31:17.633509Z"}
{"collection": "sections", "dim": 32, "event": "qdrant.collection_created", "level": "info", "timestamp": "2026-08-05T16:31:17.633855Z"}
{"collection": "clauses", "dim": 32, "event": "qdrant.collection_created", "level": "info", "timestamp": "2026-08-05T16:31:17.634111Z"}
{"doc_id": "doc1", "collections": {"documents": 1, "chapters": 2, "sections": 2}, "event": "index.graph_complete", "level": "info", "timestamp": "2026-08-05T16:31:17.635564Z"}
{"doc_id": "doc1", "indexed": 1, "skipped": 4, "event": "index.incremental_complete", "level": "info", "timestamp": "2026-08-05T16:31:17.636194Z"}
{"mode": "in-memory", "dim": 32, "event": "qdrant.connected", "level": "info", "timestamp": "2026-08-05T16:31:17.641816Z"}
{"collection": "documents", "dim": 32, "event": "qdrant.collection_created", "level": "info", "timestamp": "2026-08-05T16:31:17.642255Z"}
{"collection": "chapters", "dim": 32, "event": "qdrant.collection_created", "level": "info", "timestamp": "2026-08-05T16:31:17.642516Z"}
{"collection": "sections", "dim": 32, "event": "qdrant.collection_created", "level": "info", "timestamp": "2026-08-05T16:31:17.642751Z"}
{"collection": "clauses", "dim": 32, "event": "qdrant.collection_created", "level": "info", "timestamp": "2026-08-05T16:31:17.642975Z"}
{"doc_id": "doc1", "collections": {"documents": 1, "chapters": 2, "sections": 2}, "event": "index.graph_complete", "level": "info", "timestamp": "2026-08-05T16:31:17.644486Z"}
{"doc_id": "doc1", "indexed": 0, "skipped": 5, "event": "index.incremental_complete", "level": "info", "timestamp": "2026-08-05T16:31:17.645084Z"}
{"mode": "in-memory", "dim": 32, "event": "qdrant.connected", "level": "info", "timestamp": "2026-08-05T16:31:17.650658Z"}
{"collection": "documents", "dim": 32, "event": "qdrant.collection_created", "level": "info", "timestamp": "2026-08-05T16:31:17.651219Z"}
{"collection": "chapters", "dim": 32, "event": "qdrant.collection_created", "level": "info", "timestamp": "2026-08-05T16:31:17.651594Z"}
{"collection": "sections", "dim": 32, "event": "qdrant.collection_created", "level": "info", "timestamp": "2026-08-05T16:31:17.651937Z"}
{"collection": "clauses", "dim": 32, "event": "qdrant.collection_created", "level": "info", "timestamp": "2026-08-05T16:31:17.652238Z"}
{"doc_id": "doc1", "collections": {"documents": 1, "chapters": 2, "sections": 2}, "event": "index.graph_complete", "level": "info", "timestamp": "2026-08-05T16:31:17.653810Z"}
{"doc_id": "doc1", "indexed": 0, "skipped": 5, "event": "index.incremental_complete", "level": "info", "timestamp": "2026-08-05T16:31:17.654486Z"}
{"indexed": 0, "skipped": 5, "collections": {}, "deleted": 1, "event": "index.sync_complete", "level": "info", "timestamp": "2026-08-05T16:31:17.654926Z"}
{"file": "C:\\Users\\Krish\\AppData\\Local\\Temp\\pytest-of-Krish\\pytest-24\\test_import_creates_nodes0\\test_doc_01.json", "nodes": 4, "edges": 5, "event": "import.complete", "level": "info", "timestamp": "2026-08-05T16:31:17.663217Z"}
{"file": "C:\\Users\\Krish\\AppData\\Local\\Temp\\pytest-of-Krish\\pytest-24\\test_import_creates_part_of_ed0\\test_doc_01.json", "nodes": 4, "edges": 5, "event": "import.complete", "level": "info", "timestamp": "2026-08-05T16:31:17.668906Z"}
{"file": "C:\\Users\\Krish\\AppData\\Local\\Temp\\pytest-of-Krish\\pytest-24\\test_import_extracts_citations0\\test_doc_01.json", "nodes": 4, "edges": 5, "event": "import.complete", "level": "info", "timestamp": "2026-08-05T16:31:17.674660Z"}
{"file": "C:\\Users\\Krish\\AppData\\Local\\Temp\\pytest-of-Krish\\pytest-24\\test_import_document_node0\\test_doc_01.json", "nodes": 4, "edges": 5, "event": "import.complete", "level": "info", "timestamp": "2026-08-05T16:31:17.679336Z"}
{"file": "C:\\Users\\Krish\\AppData\\Local\\Temp\\pytest-of-Krish\\pytest-24\\test_import_all0\\hierarchy\\doc_a.json", "nodes": 2, "edges": 1, "event": "import.complete", "level": "info", "timestamp": "2026-08-05T16:31:17.683966Z"}
{"files": 1, "nodes": 2, "edges": 1, "event": "import.all_complete", "level": "info", "timestamp": "2026-08-05T16:31:17.684411Z"}
{"url": "http://x/v1/chat/completions", "error": "boom", "event": "llm.request_failed", "level": "error", "timestamp": "2026-08-05T16:31:17.730400Z"}
{"url": "http://x/v1/chat/completions", "body": {"foo": "bar"}, "event": "llm.bad_response", "level": "error", "timestamp": "2026-08-05T16:31:17.732038Z"}
{"mode": "in-memory", "dim": 32, "event": "qdrant.connected", "level": "info", "timestamp": "2026-08-05T16:31:17.887083Z"}
{"collection": "documents", "dim": 32, "event": "qdrant.collection_created", "level": "info", "timestamp": "2026-08-05T16:31:17.887915Z"}
{"collection": "chapters", "dim": 32, "event": "qdrant.collection_created", "level": "info", "timestamp": "2026-08-05T16:31:17.888282Z"}
{"collection": "sections", "dim": 32, "event": "qdrant.collection_created", "level": "info", "timestamp": "2026-08-05T16:31:17.888549Z"}
{"collection": "clauses", "dim": 32, "event": "qdrant.collection_created", "level": "info", "timestamp": "2026-08-05T16:31:17.888791Z"}
{"doc_id": "doc1", "collections": {"documents": 1, "chapters": 2, "sections": 3}, "event": "index.graph_complete", "level": "info", "timestamp": "2026-08-05T16:31:17.889897Z"}
{"query": "performance of contracts", "seeds": 2, "candidates": 3, "returned": 3, "event": "retrieval.complete", "level": "info", "timestamp": "2026-08-05T16:31:17.891151Z"}
{"query": "performance of contracts", "seeds": 2, "candidates": 3, "returned": 3, "event": "retrieval.complete", "level": "info", "timestamp": "2026-08-05T16:31:17.892343Z"}
{"query": "performance of contracts", "candidates": 6, "returned": 5, "event": "retrieval.hybrid_complete", "level": "info", "timestamp": "2026-08-05T16:31:17.893287Z"}
{"query": "performance of contracts", "candidates": 5, "returned": 5, "confidence": 0.8006, "event": "explanation.complete", "level": "info", "timestamp": "2026-08-05T16:31:17.893840Z"}
{"mode": "in-memory", "dim": 32, "event": "qdrant.connected", "level": "info", "timestamp": "2026-08-05T16:31:17.900551Z"}
{"collection": "documents", "dim": 32, "event": "qdrant.collection_created", "level": "info", "timestamp": "2026-08-05T16:31:17.900988Z"}
{"collection": "chapters", "dim": 32, "event": "qdrant.collection_created", "level": "info", "timestamp": "2026-08-05T16:31:17.901636Z"}
{"collection": "sections", "dim": 32, "event": "qdrant.collection_created", "level": "info", "timestamp": "2026-08-05T16:31:17.902117Z"}
{"collection": "clauses", "dim": 32, "event": "qdrant.collection_created", "level": "info", "timestamp": "2026-08-05T16:31:17.902820Z"}
{"doc_id": "doc1", "collections": {"documents": 1, "chapters": 2, "sections": 3}, "event": "index.graph_complete", "level": "info", "timestamp": "2026-08-05T16:31:17.904382Z"}
{"query": "performance of contracts", "seeds": 2, "candidates": 3, "returned": 3, "event": "retrieval.complete", "level": "info", "timestamp": "2026-08-05T16:31:17.905672Z"}
{"query": "performance of contracts", "seeds": 2, "candidates": 3, "returned": 3, "event": "retrieval.complete", "level": "info", "timestamp": "2026-08-05T16:31:17.906875Z"}
{"query": "performance of contracts", "candidates": 6, "returned": 5, "event": "retrieval.hybrid_complete", "level": "info", "timestamp": "2026-08-05T16:31:17.907926Z"}
{"query": "performance of contracts", "candidates": 5, "returned": 5, "confidence": 0.8006, "event": "explanation.complete", "level": "info", "timestamp": "2026-08-05T16:31:17.908813Z"}
{"mode": "in-memory", "dim": 32, "event": "qdrant.connected", "level": "info", "timestamp": "2026-08-05T16:31:17.916500Z"}
{"collection": "documents", "dim": 32, "event": "qdrant.collection_created", "level": "info", "timestamp": "2026-08-05T16:31:17.917162Z"}
{"collection": "chapters", "dim": 32, "event": "qdrant.collection_created", "level": "info", "timestamp": "2026-08-05T16:31:17.917583Z"}
{"collection": "sections", "dim": 32, "event": "qdrant.collection_created", "level": "info", "timestamp": "2026-08-05T16:31:17.917945Z"}
{"collection": "clauses", "dim": 32, "event": "qdrant.collection_created", "level": "info", "timestamp": "2026-08-05T16:31:17.918242Z"}
{"doc_id": "doc1", "collections": {"documents": 1, "chapters": 2, "sections": 3}, "event": "index.graph_complete", "level": "info", "timestamp": "2026-08-05T16:31:17.919345Z"}
{"query": "performance of contracts", "seeds": 2, "candidates": 3, "returned": 3, "event": "retrieval.complete", "level": "info", "timestamp": "2026-08-05T16:31:17.920423Z"}
{"query": "performance of contracts", "seeds": 2, "candidates": 3, "returned": 3, "event": "retrieval.complete", "level": "info", "timestamp": "2026-08-05T16:31:17.921501Z"}
{"query": "performance of contracts", "candidates": 6, "returned": 5, "event": "retrieval.hybrid_complete", "level": "info", "timestamp": "2026-08-05T16:31:17.922822Z"}
{"query": "performance of contracts", "candidates": 5, "returned": 5, "confidence": 0.8006, "event": "explanation.complete", "level": "info", "timestamp": "2026-08-05T16:31:17.923425Z"}
{"mode": "in-memory", "dim": 32, "event": "qdrant.connected", "level": "info", "timestamp": "2026-08-05T16:31:17.929422Z"}
{"collection": "documents", "dim": 32, "event": "qdrant.collection_created", "level": "info", "timestamp": "2026-08-05T16:31:17.929951Z"}
{"collection": "chapters", "dim": 32, "event": "qdrant.collection_created", "level": "info", "timestamp": "2026-08-05T16:31:17.930228Z"}
{"collection": "sections", "dim": 32, "event": "qdrant.collection_created", "level": "info", "timestamp": "2026-08-05T16:31:17.930470Z"}
{"collection": "clauses", "dim": 32, "event": "qdrant.collection_created", "level": "info", "timestamp": "2026-08-05T16:31:17.930694Z"}
{"doc_id": "doc1", "collections": {"documents": 1, "chapters": 2, "sections": 3}, "event": "index.graph_complete", "level": "info", "timestamp": "2026-08-05T16:31:17.931734Z"}
{"query": "performance of contracts", "seeds": 2, "candidates": 3, "returned": 3, "event": "retrieval.complete", "level": "info", "timestamp": "2026-08-05T16:31:17.932802Z"}
{"query": "performance of contracts", "seeds": 2, "candidates": 3, "returned": 3, "event": "retrieval.complete", "level": "info", "timestamp": "2026-08-05T16:31:17.934154Z"}
{"query": "performance of contracts", "candidates": 6, "returned": 5, "event": "retrieval.hybrid_complete", "level": "info", "timestamp": "2026-08-05T16:31:17.935248Z"}
{"query": "performance of contracts", "candidates": 5, "returned": 5, "confidence": 0.8006, "event": "explanation.complete", "level": "info", "timestamp": "2026-08-05T16:31:17.935804Z"}
{"mode": "in-memory", "dim": 32, "event": "qdrant.connected", "level": "info", "timestamp": "2026-08-05T16:31:17.942032Z"}
{"collection": "documents", "dim": 32, "event": "qdrant.collection_created", "level": "info", "timestamp": "2026-08-05T16:31:17.942470Z"}
{"collection": "chapters", "dim": 32, "event": "qdrant.collection_created", "level": "info", "timestamp": "2026-08-05T16:31:17.942911Z"}
{"collection": "sections", "dim": 32, "event": "qdrant.collection_created", "level": "info", "timestamp": "2026-08-05T16:31:17.943274Z"}
{"collection": "clauses", "dim": 32, "event": "qdrant.collection_created", "level": "info", "timestamp": "2026-08-05T16:31:17.943698Z"}
{"doc_id": "doc1", "collections": {"documents": 1, "chapters": 2, "sections": 3}, "event": "index.graph_complete", "level": "info", "timestamp": "2026-08-05T16:31:17.944868Z"}
{"query": "section 4 performance", "seeds": 1, "candidates": 3, "returned": 3, "event": "retrieval.complete", "level": "info", "timestamp": "2026-08-05T16:31:17.945983Z"}
{"query": "section 4 performance", "seeds": 1, "candidates": 3, "returned": 3, "event": "retrieval.complete", "level": "info", "timestamp": "2026-08-05T16:31:17.947041Z"}
{"query": "section 4 performance", "candidates": 6, "returned": 5, "event": "retrieval.hybrid_complete", "level": "info", "timestamp": "2026-08-05T16:31:17.948033Z"}
{"query": "section 4 performance", "candidates": 5, "returned": 5, "confidence": 0.8549, "event": "explanation.complete", "level": "info", "timestamp": "2026-08-05T16:31:17.948506Z"}
{"mode": "in-memory", "dim": 32, "event": "qdrant.connected", "level": "info", "timestamp": "2026-08-05T16:31:17.956197Z"}
{"collection": "documents", "dim": 32, "event": "qdrant.collection_created", "level": "info", "timestamp": "2026-08-05T16:31:17.956935Z"}
{"collection": "chapters", "dim": 32, "event": "qdrant.collection_created", "level": "info", "timestamp": "2026-08-05T16:31:17.957298Z"}
{"collection": "sections", "dim": 32, "event": "qdrant.collection_created", "level": "info", "timestamp": "2026-08-05T16:31:17.957706Z"}
{"collection": "clauses", "dim": 32, "event": "qdrant.collection_created", "level": "info", "timestamp": "2026-08-05T16:31:17.958019Z"}
{"doc_id": "doc1", "collections": {"documents": 1, "chapters": 2, "sections": 3}, "event": "index.graph_complete", "level": "info", "timestamp": "2026-08-05T16:31:17.959410Z"}
{"query": "performance of contracts", "seeds": 2, "candidates": 3, "returned": 3, "event": "retrieval.complete", "level": "info", "timestamp": "2026-08-05T16:31:17.960539Z"}
{"query": "performance of contracts", "seeds": 2, "candidates": 3, "returned": 3, "event": "retrieval.complete", "level": "info", "timestamp": "2026-08-05T16:31:17.961621Z"}
{"query": "performance of contracts", "candidates": 6, "returned": 5, "event": "retrieval.hybrid_complete", "level": "info", "timestamp": "2026-08-05T16:31:17.962630Z"}
{"query": "performance of contracts", "candidates": 5, "returned": 5, "confidence": 0.8006, "event": "explanation.complete", "level": "info", "timestamp": "2026-08-05T16:31:17.963102Z"}
{"mode": "in-memory", "dim": 32, "event": "qdrant.connected", "level": "info", "timestamp": "2026-08-05T16:31:17.969528Z"}
{"collection": "documents", "dim": 32, "event": "qdrant.collection_created", "level": "info", "timestamp": "2026-08-05T16:31:17.970009Z"}
{"collection": "chapters", "dim": 32, "event": "qdrant.collection_created", "level": "info", "timestamp": "2026-08-05T16:31:17.970271Z"}
{"collection": "sections", "dim": 32, "event": "qdrant.collection_created", "level": "info", "timestamp": "2026-08-05T16:31:17.970681Z"}
{"collection": "clauses", "dim": 32, "event": "qdrant.collection_created", "level": "info", "timestamp": "2026-08-05T16:31:17.971047Z"}
{"doc_id": "doc1", "collections": {"documents": 1, "chapters": 2, "sections": 3}, "event": "index.graph_complete", "level": "info", "timestamp": "2026-08-05T16:31:17.972334Z"}
{"query": "performance of contracts", "seeds": 2, "candidates": 3, "returned": 3, "event": "retrieval.complete", "level": "info", "timestamp": "2026-08-05T16:31:17.973515Z"}
{"query": "performance of contracts", "seeds": 2, "candidates": 3, "returned": 3, "event": "retrieval.complete", "level": "info", "timestamp": "2026-08-05T16:31:17.974691Z"}
{"query": "performance of contracts", "candidates": 6, "returned": 5, "event": "retrieval.hybrid_complete", "level": "info", "timestamp": "2026-08-05T16:31:17.975636Z"}
{"query": "performance of contracts", "candidates": 5, "returned": 5, "confidence": 0.8006, "event": "explanation.complete", "level": "info", "timestamp": "2026-08-05T16:31:17.976097Z"}
{"query": "performance of contracts", "seeds": 2, "candidates": 3, "returned": 3, "event": "retrieval.complete", "level": "info", "timestamp": "2026-08-05T16:31:17.978444Z"}
{"query": "performance of contracts", "candidates": 3, "returned": 3, "confidence": 0.5213, "event": "explanation.complete", "level": "info", "timestamp": "2026-08-05T16:31:17.979054Z"}
{"query": "zzzqxwv unrelated gibberish", "event": "retrieval.no_seeds", "level": "info", "timestamp": "2026-08-05T16:31:17.980630Z"}
{"query": "zzzqxwv unrelated gibberish", "candidates": 0, "returned": 0, "confidence": 0.0, "event": "explanation.complete", "level": "info", "timestamp": "2026-08-05T16:31:17.981010Z"}
{"mode": "in-memory", "dim": 32, "event": "qdrant.connected", "level": "info", "timestamp": "2026-08-05T16:31:17.988455Z"}
{"collection": "documents", "dim": 32, "event": "qdrant.collection_created", "level": "info", "timestamp": "2026-08-05T16:31:17.989048Z"}
{"collection": "chapters", "dim": 32, "event": "qdrant.collection_created", "level": "info", "timestamp": "2026-08-05T16:31:17.989321Z"}
{"collection": "sections", "dim": 32, "event": "qdrant.collection_created", "level": "info", "timestamp": "2026-08-05T16:31:17.989560Z"}
{"collection": "clauses", "dim": 32, "event": "qdrant.collection_created", "level": "info", "timestamp": "2026-08-05T16:31:17.989811Z"}
{"doc_id": "docV", "collections": {"documents": 1, "chapters": 1, "sections": 1}, "event": "index.graph_complete", "level": "info", "timestamp": "2026-08-05T16:31:17.990586Z"}
{"query": "agreements without consideration are void", "seeds": 1, "candidates": 3, "returned": 3, "event": "retrieval.complete", "level": "info", "timestamp": "2026-08-05T16:31:17.991799Z"}
{"query": "agreements without consideration are void", "seeds": 1, "candidates": 3, "returned": 3, "event": "retrieval.complete", "level": "info", "timestamp": "2026-08-05T16:31:17.993132Z"}
{"query": "agreements without consideration are void", "candidates": 3, "returned": 3, "event": "retrieval.hybrid_complete", "level": "info", "timestamp": "2026-08-05T16:31:17.994123Z"}
{"query": "agreements without consideration are void", "candidates": 3, "returned": 3, "confidence": 0.803, "event": "explanation.complete", "level": "info", "timestamp": "2026-08-05T16:31:17.994575Z"}
{"mode": "in-memory", "dim": 32, "event": "qdrant.connected", "level": "info", "timestamp": "2026-08-05T16:31:18.001950Z"}
{"collection": "documents", "dim": 32, "event": "qdrant.collection_created", "level": "info", "timestamp": "2026-08-05T16:31:18.002519Z"}
{"collection": "chapters", "dim": 32, "event": "qdrant.collection_created", "level": "info", "timestamp": "2026-08-05T16:31:18.002792Z"}
{"collection": "sections", "dim": 32, "event": "qdrant.collection_created", "level": "info", "timestamp": "2026-08-05T16:31:18.003032Z"}
{"collection": "clauses", "dim": 32, "event": "qdrant.collection_created", "level": "info", "timestamp": "2026-08-05T16:31:18.003315Z"}
{"doc_id": "doc1", "collections": {"documents": 1, "chapters": 2, "sections": 3}, "event": "index.graph_complete", "level": "info", "timestamp": "2026-08-05T16:31:18.004463Z"}
{"query": "performance of contracts", "seeds": 2, "candidates": 3, "returned": 3, "event": "retrieval.complete", "level": "info", "timestamp": "2026-08-05T16:31:18.006138Z"}
{"query": "performance of contracts", "seeds": 2, "candidates": 3, "returned": 3, "event": "retrieval.complete", "level": "info", "timestamp": "2026-08-05T16:31:18.008060Z"}
{"query": "performance of contracts", "candidates": 6, "returned": 5, "event": "retrieval.hybrid_complete", "level": "info", "timestamp": "2026-08-05T16:31:18.009431Z"}
{"query": "performance of contracts", "candidates": 5, "returned": 5, "confidence": 0.8006, "event": "explanation.complete", "level": "info", "timestamp": "2026-08-05T16:31:18.009998Z"}
{"mode": "in-memory", "dim": 32, "event": "qdrant.connected", "level": "info", "timestamp": "2026-08-05T16:31:18.016450Z"}
{"collection": "documents", "dim": 32, "event": "qdrant.collection_created", "level": "info", "timestamp": "2026-08-05T16:31:18.016945Z"}
{"collection": "chapters", "dim": 32, "event": "qdrant.collection_created", "level": "info", "timestamp": "2026-08-05T16:31:18.017207Z"}
{"collection": "sections", "dim": 32, "event": "qdrant.collection_created", "level": "info", "timestamp": "2026-08-05T16:31:18.017434Z"}
{"collection": "clauses", "dim": 32, "event": "qdrant.collection_created", "level": "info", "timestamp": "2026-08-05T16:31:18.017672Z"}
{"doc_id": "doc1", "collections": {"documents": 1, "chapters": 2, "sections": 3}, "event": "index.graph_complete", "level": "info", "timestamp": "2026-08-05T16:31:18.018684Z"}
{"query": "performance of contracts", "seeds": 2, "candidates": 3, "returned": 3, "event": "retrieval.complete", "level": "info", "timestamp": "2026-08-05T16:31:18.020023Z"}
{"query": "performance of contracts", "seeds": 2, "candidates": 3, "returned": 3, "event": "retrieval.complete", "level": "info", "timestamp": "2026-08-05T16:31:18.021646Z"}
{"query": "performance of contracts", "candidates": 6, "returned": 5, "event": "retrieval.hybrid_complete", "level": "info", "timestamp": "2026-08-05T16:31:18.022732Z"}
{"query": "performance of contracts", "candidates": 5, "returned": 5, "confidence": 0.8006, "event": "explanation.complete", "level": "info", "timestamp": "2026-08-05T16:31:18.023234Z"}
{"mode": "in-memory", "dim": 32, "event": "qdrant.connected", "level": "info", "timestamp": "2026-08-05T16:31:18.029353Z"}
{"collection": "documents", "dim": 32, "event": "qdrant.collection_created", "level": "info", "timestamp": "2026-08-05T16:31:18.029944Z"}
{"collection": "chapters", "dim": 32, "event": "qdrant.collection_created", "level": "info", "timestamp": "2026-08-05T16:31:18.030300Z"}
{"collection": "sections", "dim": 32, "event": "qdrant.collection_created", "level": "info", "timestamp": "2026-08-05T16:31:18.030561Z"}
{"collection": "clauses", "dim": 32, "event": "qdrant.collection_created", "level": "info", "timestamp": "2026-08-05T16:31:18.030795Z"}
{"doc_id": "doc1", "collections": {"documents": 1, "chapters": 2, "sections": 3}, "event": "index.graph_complete", "level": "info", "timestamp": "2026-08-05T16:31:18.031979Z"}
{"query": "performance of contracts", "seeds": 2, "candidates": 3, "returned": 3, "event": "retrieval.complete", "level": "info", "timestamp": "2026-08-05T16:31:18.033315Z"}
{"query": "performance of contracts", "seeds": 2, "candidates": 3, "returned": 3, "event": "retrieval.complete", "level": "info", "timestamp": "2026-08-05T16:31:18.034845Z"}
{"query": "performance of contracts", "candidates": 6, "returned": 5, "event": "retrieval.hybrid_complete", "level": "info", "timestamp": "2026-08-05T16:31:18.035940Z"}
{"query": "performance of contracts", "candidates": 5, "returned": 5, "confidence": 0.8006, "event": "explanation.complete", "level": "info", "timestamp": "2026-08-05T16:31:18.036437Z"}
{"mode": "in-memory", "dim": 32, "event": "qdrant.connected", "level": "info", "timestamp": "2026-08-05T16:31:18.062280Z"}
{"collection": "documents", "dim": 32, "event": "qdrant.collection_created", "level": "info", "timestamp": "2026-08-05T16:31:18.062794Z"}
{"collection": "chapters", "dim": 32, "event": "qdrant.collection_created", "level": "info", "timestamp": "2026-08-05T16:31:18.063156Z"}
{"collection": "sections", "dim": 32, "event": "qdrant.collection_created", "level": "info", "timestamp": "2026-08-05T16:31:18.063411Z"}
{"collection": "clauses", "dim": 32, "event": "qdrant.collection_created", "level": "info", "timestamp": "2026-08-05T16:31:18.063643Z"}
{"doc_id": "doc1", "collections": {"documents": 1, "chapters": 2, "sections": 3}, "event": "index.graph_complete", "level": "info", "timestamp": "2026-08-05T16:31:18.064691Z"}
{"query": "performance of contracts", "seeds": 2, "candidates": 3, "returned": 3, "event": "retrieval.complete", "level": "info", "timestamp": "2026-08-05T16:31:18.065764Z"}
{"query": "performance of contracts", "seeds": 2, "candidates": 3, "returned": 3, "event": "retrieval.complete", "level": "info", "timestamp": "2026-08-05T16:31:18.067007Z"}
{"query": "performance of contracts", "candidates": 6, "returned": 5, "event": "retrieval.hybrid_complete", "level": "info", "timestamp": "2026-08-05T16:31:18.068285Z"}
{"query": "performance of contracts", "candidates": 5, "returned": 5, "confidence": 0.8006, "event": "explanation.complete", "level": "info", "timestamp": "2026-08-05T16:31:18.068867Z"}
{"provenance_id": "e423f72f8511446380fe3c94f0dc10fc", "query": "performance of contracts", "model": "mock-llm", "evidence": 5, "confidence": 0.8006, "duration_ms": 4.35, "event": "qa.answer_complete", "level": "info", "timestamp": "2026-08-05T16:31:18.069525Z"}
{"mode": "in-memory", "dim": 32, "event": "qdrant.connected", "level": "info", "timestamp": "2026-08-05T16:31:18.075638Z"}
{"collection": "documents", "dim": 32, "event": "qdrant.collection_created", "level": "info", "timestamp": "2026-08-05T16:31:18.076354Z"}
{"collection": "chapters", "dim": 32, "event": "qdrant.collection_created", "level": "info", "timestamp": "2026-08-05T16:31:18.076700Z"}
{"collection": "sections", "dim": 32, "event": "qdrant.collection_created", "level": "info", "timestamp": "2026-08-05T16:31:18.076951Z"}
{"collection": "clauses", "dim": 32, "event": "qdrant.collection_created", "level": "info", "timestamp": "2026-08-05T16:31:18.077183Z"}
{"doc_id": "doc1", "collections": {"documents": 1, "chapters": 2, "sections": 3}, "event": "index.graph_complete", "level": "info", "timestamp": "2026-08-05T16:31:18.078257Z"}
{"query": "performance of contracts", "seeds": 2, "candidates": 3, "returned": 3, "event": "retrieval.complete", "level": "info", "timestamp": "2026-08-05T16:31:18.079344Z"}
{"query": "performance of contracts", "seeds": 2, "candidates": 3, "returned": 3, "event": "retrieval.complete", "level": "info", "timestamp": "2026-08-05T16:31:18.080397Z"}
{"query": "performance of contracts", "candidates": 6, "returned": 5, "event": "retrieval.hybrid_complete", "level": "info", "timestamp": "2026-08-05T16:31:18.081319Z"}
{"query": "performance of contracts", "candidates": 5, "returned": 5, "confidence": 0.8006, "event": "explanation.complete", "level": "info", "timestamp": "2026-08-05T16:31:18.082113Z"}
{"provenance_id": "526d496925c24983bd188576c1ecae77", "query": "performance of contracts", "model": "mock-llm", "evidence": 5, "confidence": 0.8006, "duration_ms": 4.22, "event": "qa.answer_complete", "level": "info", "timestamp": "2026-08-05T16:31:18.082972Z"}
{"mode": "in-memory", "dim": 32, "event": "qdrant.connected", "level": "info", "timestamp": "2026-08-05T16:31:18.089756Z"}
{"collection": "documents", "dim": 32, "event": "qdrant.collection_created", "level": "info", "timestamp": "2026-08-05T16:31:18.090457Z"}
{"collection": "chapters", "dim": 32, "event": "qdrant.collection_created", "level": "info", "timestamp": "2026-08-05T16:31:18.090763Z"}
{"collection": "sections", "dim": 32, "event": "qdrant.collection_created", "level": "info", "timestamp": "2026-08-05T16:31:18.091210Z"}
{"collection": "clauses", "dim": 32, "event": "qdrant.collection_created", "level": "info", "timestamp": "2026-08-05T16:31:18.091538Z"}
{"doc_id": "doc1", "collections": {"documents": 1, "chapters": 2, "sections": 3}, "event": "index.graph_complete", "level": "info", "timestamp": "2026-08-05T16:31:18.093029Z"}
{"query": "performance of contracts", "seeds": 2, "candidates": 3, "returned": 2, "event": "retrieval.complete", "level": "info", "timestamp": "2026-08-05T16:31:18.094458Z"}
{"query": "performance of contracts", "seeds": 2, "candidates": 3, "returned": 2, "event": "retrieval.complete", "level": "info", "timestamp": "2026-08-05T16:31:18.095763Z"}
{"query": "performance of contracts", "candidates": 3, "returned": 2, "event": "retrieval.hybrid_complete", "level": "info", "timestamp": "2026-08-05T16:31:18.097393Z"}
{"query": "performance of contracts", "candidates": 2, "returned": 2, "confidence": 0.8408, "event": "explanation.complete", "level": "info", "timestamp": "2026-08-05T16:31:18.097981Z"}
{"provenance_id": "c41a03fdb5b844ae8a69c6abd486e395", "query": "performance of contracts", "model": "mock-llm", "evidence": 2, "confidence": 0.8408, "duration_ms": 4.93, "event": "qa.answer_complete", "level": "info", "timestamp": "2026-08-05T16:31:18.098565Z"}
{"mode": "in-memory", "dim": 32, "event": "qdrant.connected", "level": "info", "timestamp": "2026-08-05T16:31:18.105422Z"}
{"collection": "documents", "dim": 32, "event": "qdrant.collection_created", "level": "info", "timestamp": "2026-08-05T16:31:18.105920Z"}
{"collection": "chapters", "dim": 32, "event": "qdrant.collection_created", "level": "info", "timestamp": "2026-08-05T16:31:18.106182Z"}
{"collection": "sections", "dim": 32, "event": "qdrant.collection_created", "level": "info", "timestamp": "2026-08-05T16:31:18.106424Z"}
{"collection": "clauses", "dim": 32, "event": "qdrant.collection_created", "level": "info", "timestamp": "2026-08-05T16:31:18.106650Z"}
{"doc_id": "doc1", "collections": {"documents": 1, "chapters": 2, "sections": 3}, "event": "index.graph_complete", "level": "info", "timestamp": "2026-08-05T16:31:18.108172Z"}
{"mode": "in-memory", "dim": 32, "event": "qdrant.connected", "level": "info", "timestamp": "2026-08-05T16:31:18.115426Z"}
{"collection": "documents", "dim": 32, "event": "qdrant.collection_created", "level": "info", "timestamp": "2026-08-05T16:31:18.115925Z"}
{"collection": "chapters", "dim": 32, "event": "qdrant.collection_created", "level": "info", "timestamp": "2026-08-05T16:31:18.116222Z"}
{"collection": "sections", "dim": 32, "event": "qdrant.collection_created", "level": "info", "timestamp": "2026-08-05T16:31:18.116609Z"}
{"collection": "clauses", "dim": 32, "event": "qdrant.collection_created", "level": "info", "timestamp": "2026-08-05T16:31:18.116977Z"}
{"doc_id": "doc1", "collections": {"documents": 1, "chapters": 2, "sections": 3}, "event": "index.graph_complete", "level": "info", "timestamp": "2026-08-05T16:31:18.118267Z"}
{"query": "performance of contracts", "seeds": 2, "candidates": 3, "returned": 3, "event": "retrieval.complete", "level": "info", "timestamp": "2026-08-05T16:31:18.119403Z"}
{"query": "performance of contracts", "seeds": 2, "candidates": 3, "returned": 3, "event": "retrieval.complete", "level": "info", "timestamp": "2026-08-05T16:31:18.120489Z"}
{"query": "performance of contracts", "candidates": 6, "returned": 5, "event": "retrieval.hybrid_complete", "level": "info", "timestamp": "2026-08-05T16:31:18.121408Z"}
{"query": "performance of contracts", "candidates": 5, "returned": 5, "confidence": 0.8006, "event": "explanation.complete", "level": "info", "timestamp": "2026-08-05T16:31:18.121867Z"}
{"provenance_id": "c0c0a20616f84276a1b556abb582d97f", "query": "performance of contracts", "model": "mock-llm", "evidence": 5, "confidence": 0.8006, "duration_ms": 3.73, "event": "qa.answer_complete", "level": "info", "timestamp": "2026-08-05T16:31:18.122451Z"}
{"mode": "in-memory", "dim": 32, "event": "qdrant.connected", "level": "info", "timestamp": "2026-08-05T16:31:18.129132Z"}
{"collection": "documents", "dim": 32, "event": "qdrant.collection_created", "level": "info", "timestamp": "2026-08-05T16:31:18.129578Z"}
{"collection": "chapters", "dim": 32, "event": "qdrant.collection_created", "level": "info", "timestamp": "2026-08-05T16:31:18.129835Z"}
{"collection": "sections", "dim": 32, "event": "qdrant.collection_created", "level": "info", "timestamp": "2026-08-05T16:31:18.130084Z"}
{"collection": "clauses", "dim": 32, "event": "qdrant.collection_created", "level": "info", "timestamp": "2026-08-05T16:31:18.130418Z"}
{"doc_id": "doc1", "collections": {"documents": 1, "chapters": 2, "sections": 3}, "event": "index.graph_complete", "level": "info", "timestamp": "2026-08-05T16:31:18.131729Z"}
{"query": "performance of contracts", "seeds": 2, "candidates": 3, "returned": 3, "event": "retrieval.complete", "level": "info", "timestamp": "2026-08-05T16:31:18.132841Z"}
{"query": "performance of contracts", "seeds": 2, "candidates": 3, "returned": 3, "event": "retrieval.complete", "level": "info", "timestamp": "2026-08-05T16:31:18.133905Z"}
{"query": "performance of contracts", "candidates": 6, "returned": 5, "event": "retrieval.hybrid_complete", "level": "info", "timestamp": "2026-08-05T16:31:18.134837Z"}
{"query": "performance of contracts", "candidates": 5, "returned": 5, "confidence": 0.8006, "event": "explanation.complete", "level": "info", "timestamp": "2026-08-05T16:31:18.135293Z"}
{"file": "C:\\Users\\Krish\\AppData\\Local\\Temp\\pytest-of-Krish\\pytest-24\\test_ingest_txt0\\sample.txt", "ext": ".txt", "event": "ingestion.start", "level": "info", "timestamp": "2026-08-05T16:31:18.335067Z"}
{"lang": "en", "file": "C:\\Users\\Krish\\AppData\\Local\\Temp\\pytest-of-Krish\\pytest-24\\test_ingest_txt0\\sample.txt", "event": "language.detected", "level": "info", "timestamp": "2026-08-05T16:31:18.338256Z"}
{"file": "C:\\Users\\Krish\\AppData\\Local\\Temp\\pytest-of-Krish\\pytest-24\\test_ingest_txt0\\sample.txt", "output": "C:\\Users\\Krish\\Project2\\data\\processed\\10d91f8f6fd2d485.json", "doc_id": "10d91f8f6fd2d485", "event": "ingestion.complete", "level": "info", "timestamp": "2026-08-05T16:31:18.340362Z"}
{"file": "C:\\Users\\Krish\\AppData\\Local\\Temp\\pytest-of-Krish\\pytest-24\\test_ingest_pdf0\\sample.pdf", "ext": ".pdf", "event": "ingestion.start", "level": "info", "timestamp": "2026-08-05T16:31:18.345395Z"}
{"lang": "en", "file": "C:\\Users\\Krish\\AppData\\Local\\Temp\\pytest-of-Krish\\pytest-24\\test_ingest_pdf0\\sample.pdf", "event": "language.detected", "level": "info", "timestamp": "2026-08-05T16:31:18.368130Z"}
{"file": "C:\\Users\\Krish\\AppData\\Local\\Temp\\pytest-of-Krish\\pytest-24\\test_ingest_pdf0\\sample.pdf", "output": "C:\\Users\\Krish\\Project2\\data\\processed\\5042e782c212d6bf.json", "doc_id": "5042e782c212d6bf", "event": "ingestion.complete", "level": "info", "timestamp": "2026-08-05T16:31:18.370117Z"}
{"file": "C:\\Users\\Krish\\AppData\\Local\\Temp\\pytest-of-Krish\\pytest-24\\test_ingest_docx0\\sample.docx", "ext": ".docx", "event": "ingestion.start", "level": "info", "timestamp": "2026-08-05T16:31:18.398086Z"}
{"lang": "en", "file": "C:\\Users\\Krish\\AppData\\Local\\Temp\\pytest-of-Krish\\pytest-24\\test_ingest_docx0\\sample.docx", "event": "language.detected", "level": "info", "timestamp": "2026-08-05T16:31:18.409869Z"}
{"file": "C:\\Users\\Krish\\AppData\\Local\\Temp\\pytest-of-Krish\\pytest-24\\test_ingest_docx0\\sample.docx", "output": "C:\\Users\\Krish\\Project2\\data\\processed\\586bc07999ee072b.json", "doc_id": "586bc07999ee072b", "event": "ingestion.complete", "level": "info", "timestamp": "2026-08-05T16:31:18.412220Z"}
{"file": "C:\\Users\\Krish\\AppData\\Local\\Temp\\pytest-of-Krish\\pytest-24\\test_ingest_creates_json0\\sample.txt", "ext": ".txt", "event": "ingestion.start", "level": "info", "timestamp": "2026-08-05T16:31:18.416349Z"}
{"lang": "en", "file": "C:\\Users\\Krish\\AppData\\Local\\Temp\\pytest-of-Krish\\pytest-24\\test_ingest_creates_json0\\sample.txt", "event": "language.detected", "level": "info", "timestamp": "2026-08-05T16:31:18.419372Z"}
{"file": "C:\\Users\\Krish\\AppData\\Local\\Temp\\pytest-of-Krish\\pytest-24\\test_ingest_creates_json0\\sample.txt", "output": "C:\\Users\\Krish\\Project2\\data\\processed\\1048935683ac402b.json", "doc_id": "1048935683ac402b", "event": "ingestion.complete", "level": "info", "timestamp": "2026-08-05T16:31:18.420907Z"}
{"file": "C:\\Users\\Krish\\AppData\\Local\\Temp\\pytest-of-Krish\\pytest-24\\test_ingested_doc_matches_sche0\\sample.pdf", "ext": ".pdf", "event": "ingestion.start", "level": "info", "timestamp": "2026-08-05T16:31:18.434001Z"}
{"lang": "en", "file": "C:\\Users\\Krish\\AppData\\Local\\Temp\\pytest-of-Krish\\pytest-24\\test_ingested_doc_matches_sche0\\sample.pdf", "event": "language.detected", "level": "info", "timestamp": "2026-08-05T16:31:18.460270Z"}
{"file": "C:\\Users\\Krish\\AppData\\Local\\Temp\\pytest-of-Krish\\pytest-24\\test_ingested_doc_matches_sche0\\sample.pdf", "output": "C:\\Users\\Krish\\Project2\\data\\processed\\5e7dd95783c316aa.json", "doc_id": "5e7dd95783c316aa", "event": "ingestion.complete", "level": "info", "timestamp": "2026-08-05T16:31:18.462226Z"}
{"env": "development", "version": "0.1.0", "event": "app.starting", "level": "info", "timestamp": "2026-08-05T16:31:18.468774Z"}
{"mode": "in-memory", "dim": 32, "event": "qdrant.connected", "level": "info", "timestamp": "2026-08-05T16:31:18.476866Z"}
{"collection": "documents", "dim": 32, "event": "qdrant.collection_created", "level": "info", "timestamp": "2026-08-05T16:31:18.477615Z"}
{"collection": "chapters", "dim": 32, "event": "qdrant.collection_created", "level": "info", "timestamp": "2026-08-05T16:31:18.477999Z"}
{"collection": "sections", "dim": 32, "event": "qdrant.collection_created", "level": "info", "timestamp": "2026-08-05T16:31:18.478279Z"}
{"collection": "clauses", "dim": 32, "event": "qdrant.collection_created", "level": "info", "timestamp": "2026-08-05T16:31:18.478540Z"}
{"doc_id": "doc1", "collections": {"documents": 1, "chapters": 2, "sections": 3}, "event": "index.graph_complete", "level": "info", "timestamp": "2026-08-05T16:31:18.480379Z"}
{"query": "performance of contracts", "seeds": 2, "candidates": 3, "returned": 3, "event": "retrieval.complete", "level": "info", "timestamp": "2026-08-05T16:31:18.485640Z"}
{"query": "performance of contracts", "seeds": 2, "candidates": 3, "returned": 3, "event": "retrieval.complete", "level": "info", "timestamp": "2026-08-05T16:31:18.487403Z"}
{"query": "performance of contracts", "candidates": 6, "returned": 5, "event": "retrieval.hybrid_complete", "level": "info", "timestamp": "2026-08-05T16:31:18.488578Z"}
{"query": "performance of contracts", "candidates": 5, "returned": 5, "confidence": 0.8006, "event": "explanation.complete", "level": "info", "timestamp": "2026-08-05T16:31:18.489158Z"}
{"provenance_id": "b78f3ee1eab04fd2b4005a6c2eb3f917", "query": "performance of contracts", "model": "mock-llm", "evidence": 5, "confidence": 0.8006, "duration_ms": 5.27, "event": "qa.answer_complete", "level": "info", "timestamp": "2026-08-05T16:31:18.489892Z"}
{"event": "HTTP Request: POST http://testserver/api/v1/query \"HTTP/1.1 200 OK\"", "level": "info", "timestamp": "2026-08-05T16:31:18.491837Z"}
{"event": "app.stopping", "level": "info", "timestamp": "2026-08-05T16:31:18.493279Z"}
{"env": "development", "version": "0.1.0", "event": "app.starting", "level": "info", "timestamp": "2026-08-05T16:31:18.499802Z"}
{"mode": "in-memory", "dim": 32, "event": "qdrant.connected", "level": "info", "timestamp": "2026-08-05T16:31:18.506468Z"}
{"collection": "documents", "dim": 32, "event": "qdrant.collection_created", "level": "info", "timestamp": "2026-08-05T16:31:18.507059Z"}
{"collection": "chapters", "dim": 32, "event": "qdrant.collection_created", "level": "info", "timestamp": "2026-08-05T16:31:18.507351Z"}
{"collection": "sections", "dim": 32, "event": "qdrant.collection_created", "level": "info", "timestamp": "2026-08-05T16:31:18.507641Z"}
{"collection": "clauses", "dim": 32, "event": "qdrant.collection_created", "level": "info", "timestamp": "2026-08-05T16:31:18.507894Z"}
{"doc_id": "doc1", "collections": {"documents": 1, "chapters": 2, "sections": 3}, "event": "index.graph_complete", "level": "info", "timestamp": "2026-08-05T16:31:18.509379Z"}
{"query": "performance of contracts", "seeds": 2, "candidates": 3, "returned": 3, "event": "retrieval.complete", "level": "info", "timestamp": "2026-08-05T16:31:18.513379Z"}
{"query": "performance of contracts", "seeds": 2, "candidates": 3, "returned": 3, "event": "retrieval.complete", "level": "info", "timestamp": "2026-08-05T16:31:18.515010Z"}
{"query": "performance of contracts", "candidates": 6, "returned": 3, "event": "retrieval.hybrid_complete", "level": "info", "timestamp": "2026-08-05T16:31:18.516346Z"}
{"query": "performance of contracts", "candidates": 3, "returned": 3, "confidence": 0.8412, "event": "explanation.complete", "level": "info", "timestamp": "2026-08-05T16:31:18.516978Z"}
{"provenance_id": "4abee4a8e6a744c0bf596063bbf63802", "query": "performance of contracts", "model": "mock-llm", "evidence": 3, "confidence": 0.8412, "duration_ms": 5.39, "event": "qa.answer_complete", "level": "info", "timestamp": "2026-08-05T16:31:18.517833Z"}
{"event": "HTTP Request: POST http://testserver/api/v1/query \"HTTP/1.1 200 OK\"", "level": "info", "timestamp": "2026-08-05T16:31:18.520340Z"}
{"event": "app.stopping", "level": "info", "timestamp": "2026-08-05T16:31:18.521945Z"}
{"env": "development", "version": "0.1.0", "event": "app.starting", "level": "info", "timestamp": "2026-08-05T16:31:18.529131Z"}
{"mode": "in-memory", "dim": 32, "event": "qdrant.connected", "level": "info", "timestamp": "2026-08-05T16:31:18.535313Z"}
{"collection": "documents", "dim": 32, "event": "qdrant.collection_created", "level": "info", "timestamp": "2026-08-05T16:31:18.535826Z"}
{"collection": "chapters", "dim": 32, "event": "qdrant.collection_created", "level": "info", "timestamp": "2026-08-05T16:31:18.536129Z"}
{"collection": "sections", "dim": 32, "event": "qdrant.collection_created", "level": "info", "timestamp": "2026-08-05T16:31:18.536397Z"}
{"collection": "clauses", "dim": 32, "event": "qdrant.collection_created", "level": "info", "timestamp": "2026-08-05T16:31:18.536726Z"}
{"doc_id": "doc1", "collections": {"documents": 1, "chapters": 2, "sections": 3}, "event": "index.graph_complete", "level": "info", "timestamp": "2026-08-05T16:31:18.538211Z"}
{"event": "HTTP Request: POST http://testserver/api/v1/query \"HTTP/1.1 422 Unprocessable Entity\"", "level": "info", "timestamp": "2026-08-05T16:31:18.542416Z"}
{"event": "app.stopping", "level": "info", "timestamp": "2026-08-05T16:31:18.543394Z"}
{"env": "development", "version": "0.1.0", "event": "app.starting", "level": "info", "timestamp": "2026-08-05T16:31:18.549747Z"}
{"mode": "in-memory", "dim": 32, "event": "qdrant.connected", "level": "info", "timestamp": "2026-08-05T16:31:18.556698Z"}
{"collection": "documents", "dim": 32, "event": "qdrant.collection_created", "level": "info", "timestamp": "2026-08-05T16:31:18.557209Z"}
{"collection": "chapters", "dim": 32, "event": "qdrant.collection_created", "level": "info", "timestamp": "2026-08-05T16:31:18.557573Z"}
{"collection": "sections", "dim": 32, "event": "qdrant.collection_created", "level": "info", "timestamp": "2026-08-05T16:31:18.557866Z"}
{"collection": "clauses", "dim": 32, "event": "qdrant.collection_created", "level": "info", "timestamp": "2026-08-05T16:31:18.558134Z"}
{"doc_id": "doc1", "collections": {"documents": 1, "chapters": 2, "sections": 3}, "event": "index.graph_complete", "level": "info", "timestamp": "2026-08-05T16:31:18.559429Z"}
{"event": "HTTP Request: POST http://testserver/api/v1/query \"HTTP/1.1 422 Unprocessable Entity\"", "level": "info", "timestamp": "2026-08-05T16:31:18.564107Z"}
{"event": "app.stopping", "level": "info", "timestamp": "2026-08-05T16:31:18.565554Z"}
{"env": "development", "version": "0.1.0", "event": "app.starting", "level": "info", "timestamp": "2026-08-05T16:31:18.574453Z"}
{"mode": "in-memory", "dim": 32, "event": "qdrant.connected", "level": "info", "timestamp": "2026-08-05T16:31:18.580532Z"}
{"collection": "documents", "dim": 32, "event": "qdrant.collection_created", "level": "info", "timestamp": "2026-08-05T16:31:18.581066Z"}
{"collection": "chapters", "dim": 32, "event": "qdrant.collection_created", "level": "info", "timestamp": "2026-08-05T16:31:18.581352Z"}
{"collection": "sections", "dim": 32, "event": "qdrant.collection_created", "level": "info", "timestamp": "2026-08-05T16:31:18.581788Z"}
{"collection": "clauses", "dim": 32, "event": "qdrant.collection_created", "level": "info", "timestamp": "2026-08-05T16:31:18.582269Z"}
{"doc_id": "doc1", "collections": {"documents": 1, "chapters": 2, "sections": 3}, "event": "index.graph_complete", "level": "info", "timestamp": "2026-08-05T16:31:18.583820Z"}
{"query": "performance of contracts", "seeds": 2, "candidates": 3, "returned": 3, "event": "retrieval.complete", "level": "info", "timestamp": "2026-08-05T16:31:18.588867Z"}
{"query": "performance of contracts", "seeds": 2, "candidates": 3, "returned": 3, "event": "retrieval.complete", "level": "info", "timestamp": "2026-08-05T16:31:18.591054Z"}
{"query": "performance of contracts", "candidates": 6, "returned": 5, "event": "retrieval.hybrid_complete", "level": "info", "timestamp": "2026-08-05T16:31:18.592641Z"}
{"query": "performance of contracts", "candidates": 5, "returned": 5, "confidence": 0.8006, "event": "explanation.complete", "level": "info", "timestamp": "2026-08-05T16:31:18.593291Z"}
{"event": "HTTP Request: POST http://testserver/api/v1/explain \"HTTP/1.1 200 OK\"", "level": "info", "timestamp": "2026-08-05T16:31:18.595431Z"}
{"event": "app.stopping", "level": "info", "timestamp": "2026-08-05T16:31:18.597183Z"}
{"env": "development", "version": "0.1.0", "event": "app.starting", "level": "info", "timestamp": "2026-08-05T16:31:18.605917Z"}
{"mode": "in-memory", "dim": 32, "event": "qdrant.connected", "level": "info", "timestamp": "2026-08-05T16:31:18.615014Z"}
{"collection": "documents", "dim": 32, "event": "qdrant.collection_created", "level": "info", "timestamp": "2026-08-05T16:31:18.615620Z"}
{"collection": "chapters", "dim": 32, "event": "qdrant.collection_created", "level": "info", "timestamp": "2026-08-05T16:31:18.615957Z"}
{"collection": "sections", "dim": 32, "event": "qdrant.collection_created", "level": "info", "timestamp": "2026-08-05T16:31:18.616411Z"}
{"collection": "clauses", "dim": 32, "event": "qdrant.collection_created", "level": "info", "timestamp": "2026-08-05T16:31:18.616841Z"}
{"doc_id": "doc1", "collections": {"documents": 1, "chapters": 2, "sections": 3}, "event": "index.graph_complete", "level": "info", "timestamp": "2026-08-05T16:31:18.618566Z"}
{"query": "performance of contracts", "seeds": 2, "candidates": 3, "returned": 3, "event": "retrieval.complete", "level": "info", "timestamp": "2026-08-05T16:31:18.623606Z"}
{"query": "performance of contracts", "seeds": 2, "candidates": 3, "returned": 3, "event": "retrieval.complete", "level": "info", "timestamp": "2026-08-05T16:31:18.625564Z"}
{"query": "performance of contracts", "candidates": 6, "returned": 5, "event": "retrieval.hybrid_complete", "level": "info", "timestamp": "2026-08-05T16:31:18.626884Z"}
{"query": "performance of contracts", "candidates": 5, "returned": 5, "confidence": 0.8006, "event": "explanation.complete", "level": "info", "timestamp": "2026-08-05T16:31:18.627617Z"}
{"provenance_id": "166265aea89043839b560f4fc4f15285", "query": "performance of contracts", "model": "mock-llm", "evidence": 5, "confidence": 0.8006, "duration_ms": 6.1, "event": "qa.answer_complete", "level": "info", "timestamp": "2026-08-05T16:31:18.628404Z"}
{"event": "HTTP Request: POST http://testserver/api/v1/query \"HTTP/1.1 200 OK\"", "level": "info", "timestamp": "2026-08-05T16:31:18.630463Z"}
{"event": "HTTP Request: GET http://testserver/api/v1/provenance/166265aea89043839b560f4fc4f15285 \"HTTP/1.1 200 OK\"", "level": "info", "timestamp": "2026-08-05T16:31:18.634227Z"}
{"event": "app.stopping", "level": "info", "timestamp": "2026-08-05T16:31:18.635735Z"}
{"env": "development", "version": "0.1.0", "event": "app.starting", "level": "info", "timestamp": "2026-08-05T16:31:18.643319Z"}
{"mode": "in-memory", "dim": 32, "event": "qdrant.connected", "level": "info", "timestamp": "2026-08-05T16:31:18.650224Z"}
{"collection": "documents", "dim": 32, "event": "qdrant.collection_created", "level": "info", "timestamp": "2026-08-05T16:31:18.650889Z"}
{"collection": "chapters", "dim": 32, "event": "qdrant.collection_created", "level": "info", "timestamp": "2026-08-05T16:31:18.651286Z"}
{"collection": "sections", "dim": 32, "event": "qdrant.collection_created", "level": "info", "timestamp": "2026-08-05T16:31:18.651661Z"}
{"collection": "clauses", "dim": 32, "event": "qdrant.collection_created", "level": "info", "timestamp": "2026-08-05T16:31:18.652069Z"}
{"doc_id": "doc1", "collections": {"documents": 1, "chapters": 2, "sections": 3}, "event": "index.graph_complete", "level": "info", "timestamp": "2026-08-05T16:31:18.654148Z"}
{"event": "HTTP Request: GET http://testserver/api/v1/provenance/doesnotexist \"HTTP/1.1 404 Not Found\"", "level": "info", "timestamp": "2026-08-05T16:31:18.658043Z"}
{"event": "app.stopping", "level": "info", "timestamp": "2026-08-05T16:31:18.659486Z"}
{"env": "development", "version": "0.1.0", "event": "app.starting", "level": "info", "timestamp": "2026-08-05T16:31:18.668344Z"}
{"mode": "in-memory", "dim": 32, "event": "qdrant.connected", "level": "info", "timestamp": "2026-08-05T16:31:18.675235Z"}
{"collection": "documents", "dim": 32, "event": "qdrant.collection_created", "level": "info", "timestamp": "2026-08-05T16:31:18.675882Z"}
{"collection": "chapters", "dim": 32, "event": "qdrant.collection_created", "level": "info", "timestamp": "2026-08-05T16:31:18.676246Z"}
{"collection": "sections", "dim": 32, "event": "qdrant.collection_created", "level": "info", "timestamp": "2026-08-05T16:31:18.676578Z"}
{"collection": "clauses", "dim": 32, "event": "qdrant.collection_created", "level": "info", "timestamp": "2026-08-05T16:31:18.676870Z"}
{"doc_id": "doc1", "collections": {"documents": 1, "chapters": 2, "sections": 3}, "event": "index.graph_complete", "level": "info", "timestamp": "2026-08-05T16:31:18.678231Z"}
{"event": "HTTP Request: POST http://testserver/api/v1/explain \"HTTP/1.1 422 Unprocessable Entity\"", "level": "info", "timestamp": "2026-08-05T16:31:18.682334Z"}
{"event": "app.stopping", "level": "info", "timestamp": "2026-08-05T16:31:18.683438Z"}
{"mode": "in-memory", "dim": 4, "event": "qdrant.connected", "level": "info", "timestamp": "2026-08-05T16:31:18.692399Z"}
{"collection": "documents", "dim": 4, "event": "qdrant.collection_created", "level": "info", "timestamp": "2026-08-05T16:31:18.693088Z"}
{"collection": "chapters", "dim": 4, "event": "qdrant.collection_created", "level": "info", "timestamp": "2026-08-05T16:31:18.693513Z"}
{"collection": "sections", "dim": 4, "event": "qdrant.collection_created", "level": "info", "timestamp": "2026-08-05T16:31:18.693953Z"}
{"collection": "clauses", "dim": 4, "event": "qdrant.collection_created", "level": "info", "timestamp": "2026-08-05T16:31:18.694261Z"}
{"mode": "in-memory", "dim": 4, "event": "qdrant.connected", "level": "info", "timestamp": "2026-08-05T16:31:18.700926Z"}
{"collection": "documents", "dim": 4, "event": "qdrant.collection_created", "level": "info", "timestamp": "2026-08-05T16:31:18.701568Z"}
{"collection": "chapters", "dim": 4, "event": "qdrant.collection_created", "level": "info", "timestamp": "2026-08-05T16:31:18.701859Z"}
{"collection": "sections", "dim": 4, "event": "qdrant.collection_created", "level": "info", "timestamp": "2026-08-05T16:31:18.702115Z"}
{"collection": "clauses", "dim": 4, "event": "qdrant.collection_created", "level": "info", "timestamp": "2026-08-05T16:31:18.702355Z"}
{"mode": "in-memory", "dim": 4, "event": "qdrant.connected", "level": "info", "timestamp": "2026-08-05T16:31:18.711501Z"}
{"collection": "documents", "dim": 4, "event": "qdrant.collection_created", "level": "info", "timestamp": "2026-08-05T16:31:18.712249Z"}
{"collection": "chapters", "dim": 4, "event": "qdrant.collection_created", "level": "info", "timestamp": "2026-08-05T16:31:18.712610Z"}
{"collection": "sections", "dim": 4, "event": "qdrant.collection_created", "level": "info", "timestamp": "2026-08-05T16:31:18.712969Z"}
{"collection": "clauses", "dim": 4, "event": "qdrant.collection_created", "level": "info", "timestamp": "2026-08-05T16:31:18.713377Z"}
{"mode": "in-memory", "dim": 4, "event": "qdrant.connected", "level": "info", "timestamp": "2026-08-05T16:31:18.722293Z"}
{"collection": "documents", "dim": 4, "event": "qdrant.collection_created", "level": "info", "timestamp": "2026-08-05T16:31:18.723102Z"}
{"collection": "chapters", "dim": 4, "event": "qdrant.collection_created", "level": "info", "timestamp": "2026-08-05T16:31:18.723451Z"}
{"collection": "sections", "dim": 4, "event": "qdrant.collection_created", "level": "info", "timestamp": "2026-08-05T16:31:18.723715Z"}
{"collection": "clauses", "dim": 4, "event": "qdrant.collection_created", "level": "info", "timestamp": "2026-08-05T16:31:18.723951Z"}
{"collection": "sections", "event": "qdrant.collection_deleted", "level": "info", "timestamp": "2026-08-05T16:31:18.724678Z"}
{"mode": "in-memory", "dim": 4, "event": "qdrant.connected", "level": "info", "timestamp": "2026-08-05T16:31:18.730892Z"}
{"collection": "documents", "dim": 4, "event": "qdrant.collection_created", "level": "info", "timestamp": "2026-08-05T16:31:18.731322Z"}
{"collection": "chapters", "dim": 4, "event": "qdrant.collection_created", "level": "info", "timestamp": "2026-08-05T16:31:18.731581Z"}
{"collection": "sections", "dim": 4, "event": "qdrant.collection_created", "level": "info", "timestamp": "2026-08-05T16:31:18.731829Z"}
{"collection": "clauses", "dim": 4, "event": "qdrant.collection_created", "level": "info", "timestamp": "2026-08-05T16:31:18.732054Z"}
{"mode": "in-memory", "dim": 4, "event": "qdrant.connected", "level": "info", "timestamp": "2026-08-05T16:31:18.738342Z"}
{"collection": "documents", "dim": 4, "event": "qdrant.collection_created", "level": "info", "timestamp": "2026-08-05T16:31:18.738919Z"}
{"collection": "chapters", "dim": 4, "event": "qdrant.collection_created", "level": "info", "timestamp": "2026-08-05T16:31:18.739221Z"}
{"collection": "sections", "dim": 4, "event": "qdrant.collection_created", "level": "info", "timestamp": "2026-08-05T16:31:18.739472Z"}
{"collection": "clauses", "dim": 4, "event": "qdrant.collection_created", "level": "info", "timestamp": "2026-08-05T16:31:18.739714Z"}
{"mode": "in-memory", "dim": 4, "event": "qdrant.connected", "level": "info", "timestamp": "2026-08-05T16:31:18.746247Z"}
{"collection": "documents", "dim": 4, "event": "qdrant.collection_created", "level": "info", "timestamp": "2026-08-05T16:31:18.746716Z"}
{"collection": "chapters", "dim": 4, "event": "qdrant.collection_created", "level": "info", "timestamp": "2026-08-05T16:31:18.746979Z"}
{"collection": "sections", "dim": 4, "event": "qdrant.collection_created", "level": "info", "timestamp": "2026-08-05T16:31:18.747210Z"}
{"collection": "clauses", "dim": 4, "event": "qdrant.collection_created", "level": "info", "timestamp": "2026-08-05T16:31:18.747439Z"}
{"mode": "in-memory", "dim": 4, "event": "qdrant.connected", "level": "info", "timestamp": "2026-08-05T16:31:18.754119Z"}
{"collection": "documents", "dim": 4, "event": "qdrant.collection_created", "level": "info", "timestamp": "2026-08-05T16:31:18.754547Z"}
{"collection": "chapters", "dim": 4, "event": "qdrant.collection_created", "level": "info", "timestamp": "2026-08-05T16:31:18.755074Z"}
{"collection": "sections", "dim": 4, "event": "qdrant.collection_created", "level": "info", "timestamp": "2026-08-05T16:31:18.755595Z"}
{"collection": "clauses", "dim": 4, "event": "qdrant.collection_created", "level": "info", "timestamp": "2026-08-05T16:31:18.756154Z"}
{"mode": "in-memory", "dim": 4, "event": "qdrant.connected", "level": "info", "timestamp": "2026-08-05T16:31:18.766440Z"}
{"collection": "documents", "dim": 4, "event": "qdrant.collection_created", "level": "info", "timestamp": "2026-08-05T16:31:18.767109Z"}
{"collection": "chapters", "dim": 4, "event": "qdrant.collection_created", "level": "info", "timestamp": "2026-08-05T16:31:18.767435Z"}
{"collection": "sections", "dim": 4, "event": "qdrant.collection_created", "level": "info", "timestamp": "2026-08-05T16:31:18.767741Z"}
{"collection": "clauses", "dim": 4, "event": "qdrant.collection_created", "level": "info", "timestamp": "2026-08-05T16:31:18.768082Z"}
{"mode": "in-memory", "dim": 4, "event": "qdrant.connected", "level": "info", "timestamp": "2026-08-05T16:31:18.776617Z"}
{"collection": "documents", "dim": 4, "event": "qdrant.collection_created", "level": "info", "timestamp": "2026-08-05T16:31:18.777207Z"}
{"collection": "chapters", "dim": 4, "event": "qdrant.collection_created", "level": "info", "timestamp": "2026-08-05T16:31:18.777588Z"}
{"collection": "sections", "dim": 4, "event": "qdrant.collection_created", "level": "info", "timestamp": "2026-08-05T16:31:18.777922Z"}
{"collection": "clauses", "dim": 4, "event": "qdrant.collection_created", "level": "info", "timestamp": "2026-08-05T16:31:18.778198Z"}
{"mode": "in-memory", "dim": 4, "event": "qdrant.connected", "level": "info", "timestamp": "2026-08-05T16:31:18.786421Z"}
{"collection": "documents", "dim": 4, "event": "qdrant.collection_created", "level": "info", "timestamp": "2026-08-05T16:31:18.787053Z"}
{"collection": "chapters", "dim": 4, "event": "qdrant.collection_created", "level": "info", "timestamp": "2026-08-05T16:31:18.787335Z"}
{"collection": "sections", "dim": 4, "event": "qdrant.collection_created", "level": "info", "timestamp": "2026-08-05T16:31:18.787574Z"}
{"collection": "clauses", "dim": 4, "event": "qdrant.collection_created", "level": "info", "timestamp": "2026-08-05T16:31:18.787820Z"}
{"mode": "in-memory", "dim": 4, "event": "qdrant.connected", "level": "info", "timestamp": "2026-08-05T16:31:18.796025Z"}
{"collection": "documents", "dim": 4, "event": "qdrant.collection_created", "level": "info", "timestamp": "2026-08-05T16:31:18.796490Z"}
{"collection": "chapters", "dim": 4, "event": "qdrant.collection_created", "level": "info", "timestamp": "2026-08-05T16:31:18.796808Z"}
{"collection": "sections", "dim": 4, "event": "qdrant.collection_created", "level": "info", "timestamp": "2026-08-05T16:31:18.797212Z"}
{"collection": "clauses", "dim": 4, "event": "qdrant.collection_created", "level": "info", "timestamp": "2026-08-05T16:31:18.797676Z"}
{"mode": "in-memory", "dim": 4, "event": "qdrant.connected", "level": "info", "timestamp": "2026-08-05T16:31:18.805284Z"}
{"collection": "documents", "dim": 4, "event": "qdrant.collection_created", "level": "info", "timestamp": "2026-08-05T16:31:18.806102Z"}
{"collection": "chapters", "dim": 4, "event": "qdrant.collection_created", "level": "info", "timestamp": "2026-08-05T16:31:18.806369Z"}
{"collection": "sections", "dim": 4, "event": "qdrant.collection_created", "level": "info", "timestamp": "2026-08-05T16:31:18.806578Z"}
{"collection": "clauses", "dim": 4, "event": "qdrant.collection_created", "level": "info", "timestamp": "2026-08-05T16:31:18.806899Z"}
{"mode": "in-memory", "dim": 4, "event": "qdrant.connected", "level": "info", "timestamp": "2026-08-05T16:31:18.815985Z"}
{"collection": "documents", "dim": 4, "event": "qdrant.collection_created", "level": "info", "timestamp": "2026-08-05T16:31:18.816583Z"}
{"collection": "chapters", "dim": 4, "event": "qdrant.collection_created", "level": "info", "timestamp": "2026-08-05T16:31:18.816917Z"}
{"collection": "sections", "dim": 4, "event": "qdrant.collection_created", "level": "info", "timestamp": "2026-08-05T16:31:18.817161Z"}
{"collection": "clauses", "dim": 4, "event": "qdrant.collection_created", "level": "info", "timestamp": "2026-08-05T16:31:18.817383Z"}
{"mode": "in-memory", "dim": 4, "event": "qdrant.connected", "level": "info", "timestamp": "2026-08-05T16:31:18.824383Z"}
{"collection": "documents", "dim": 4, "event": "qdrant.collection_created", "level": "info", "timestamp": "2026-08-05T16:31:18.825058Z"}
{"collection": "chapters", "dim": 4, "event": "qdrant.collection_created", "level": "info", "timestamp": "2026-08-05T16:31:18.825496Z"}
{"collection": "sections", "dim": 4, "event": "qdrant.collection_created", "level": "info", "timestamp": "2026-08-05T16:31:18.825933Z"}
{"collection": "clauses", "dim": 4, "event": "qdrant.collection_created", "level": "info", "timestamp": "2026-08-05T16:31:18.826217Z"}
{"query": "performance of contracts", "seeds": 3, "candidates": 5, "returned": 5, "event": "retrieval.complete", "level": "info", "timestamp": "2026-08-05T16:31:18.858817Z"}
{"query": "performance of contracts", "seeds": 3, "candidates": 5, "returned": 5, "event": "retrieval.complete", "level": "info", "timestamp": "2026-08-05T16:31:18.861024Z"}
{"query": "performance of contracts", "seeds": 3, "candidates": 5, "returned": 5, "event": "retrieval.complete", "level": "info", "timestamp": "2026-08-05T16:31:18.862738Z"}
{"event": "retrieval.empty_query", "level": "info", "timestamp": "2026-08-05T16:31:18.864130Z"}
{"event": "retrieval.empty_query", "level": "info", "timestamp": "2026-08-05T16:31:18.864425Z"}
{"query": "quantum entanglement fusion reactor", "event": "retrieval.no_seeds", "level": "info", "timestamp": "2026-08-05T16:31:18.865684Z"}
{"query": "performance of contracts", "seeds": 3, "candidates": 5, "returned": 5, "event": "retrieval.complete", "level": "info", "timestamp": "2026-08-05T16:31:18.867898Z"}
{"query": "performance of contracts", "seeds": 3, "candidates": 5, "returned": 5, "event": "retrieval.complete", "level": "info", "timestamp": "2026-08-05T16:31:18.870441Z"}
{"query": "performance of contracts", "seeds": 3, "candidates": 5, "returned": 5, "event": "retrieval.complete", "level": "info", "timestamp": "2026-08-05T16:31:18.872530Z"}
{"query": "performance of contracts", "seeds": 3, "candidates": 5, "returned": 5, "event": "retrieval.complete", "level": "info", "timestamp": "2026-08-05T16:31:18.875086Z"}
{"query": "performance of contracts", "seeds": 3, "candidates": 5, "returned": 5, "event": "retrieval.complete", "level": "info", "timestamp": "2026-08-05T16:31:18.877535Z"}
{"query": "performance of contracts", "seeds": 3, "candidates": 5, "returned": 2, "event": "retrieval.complete", "level": "info", "timestamp": "2026-08-05T16:31:18.879399Z"}
{"query": "performance of contracts", "seeds": 3, "candidates": 5, "returned": 5, "event": "retrieval.complete", "level": "info", "timestamp": "2026-08-05T16:31:18.881461Z"}
{"query": "performance of contracts", "seeds": 3, "candidates": 3, "returned": 3, "event": "retrieval.complete", "level": "info", "timestamp": "2026-08-05T16:31:18.882223Z"}
{"query": "what does section 4 say", "seeds": 1, "candidates": 3, "returned": 3, "event": "retrieval.complete", "level": "info", "timestamp": "2026-08-05T16:31:18.884038Z"}
{"query": "section 4", "seeds": 2, "candidates": 4, "returned": 4, "event": "retrieval.complete", "level": "info", "timestamp": "2026-08-05T16:31:18.885834Z"}
{"query": "word", "seeds": 1, "candidates": 3, "returned": 3, "event": "retrieval.complete", "level": "info", "timestamp": "2026-08-05T16:31:18.887765Z"}
{"event": "HTTP Request: GET http://testserver/api/v1/health \"HTTP/1.1 200 OK\"", "level": "info", "timestamp": "2026-08-05T16:31:18.933196Z"}
{"event": "HTTP Request: GET http://testserver/api/v1/data \"HTTP/1.1 401 Unauthorized\"", "level": "info", "timestamp": "2026-08-05T16:31:18.939756Z"}
{"event": "HTTP Request: GET http://testserver/api/v1/data \"HTTP/1.1 401 Unauthorized\"", "level": "info", "timestamp": "2026-08-05T16:31:18.940763Z"}
{"event": "HTTP Request: GET http://testserver/api/v1/data \"HTTP/1.1 200 OK\"", "level": "info", "timestamp": "2026-08-05T16:31:18.943061Z"}
{"event": "HTTP Request: GET http://testserver/api/v1/health \"HTTP/1.1 200 OK\"", "level": "info", "timestamp": "2026-08-05T16:31:18.950648Z"}
{"event": "HTTP Request: GET http://testserver/api/v1/data \"HTTP/1.1 200 OK\"", "level": "info", "timestamp": "2026-08-05T16:31:18.957554Z"}
{"event": "HTTP Request: GET http://testserver/api/v1/data \"HTTP/1.1 200 OK\"", "level": "info", "timestamp": "2026-08-05T16:31:18.959749Z"}
{"event": "HTTP Request: GET http://testserver/api/v1/data \"HTTP/1.1 200 OK\"", "level": "info", "timestamp": "2026-08-05T16:31:18.961240Z"}
{"event": "HTTP Request: GET http://testserver/api/v1/data \"HTTP/1.1 429 Too Many Requests\"", "level": "info", "timestamp": "2026-08-05T16:31:18.962307Z"}
{"event": "HTTP Request: POST http://testserver/api/v1/data \"HTTP/1.1 413 Request Entity Too Large\"", "level": "info", "timestamp": "2026-08-05T16:31:18.968828Z"}
{"mode": "in-memory", "dim": 32, "event": "qdrant.connected", "level": "info", "timestamp": "2026-08-05T16:31:18.999016Z"}
{"collection": "documents", "dim": 32, "event": "qdrant.collection_created", "level": "info", "timestamp": "2026-08-05T16:31:18.999792Z"}
{"collection": "chapters", "dim": 32, "event": "qdrant.collection_created", "level": "info", "timestamp": "2026-08-05T16:31:19.000189Z"}
{"collection": "sections", "dim": 32, "event": "qdrant.collection_created", "level": "info", "timestamp": "2026-08-05T16:31:19.000496Z"}
{"collection": "clauses", "dim": 32, "event": "qdrant.collection_created", "level": "info", "timestamp": "2026-08-05T16:31:19.000803Z"}
{"doc_id": "doc1", "collections": {"documents": 1, "chapters": 2, "sections": 3}, "event": "index.graph_complete", "level": "info", "timestamp": "2026-08-05T16:31:19.002760Z"}
{"mode": "in-memory", "dim": 64, "event": "qdrant.connected", "level": "info", "timestamp": "2026-08-05T16:31:19.012253Z"}
{"collection": "documents", "dim": 64, "event": "qdrant.collection_created", "level": "info", "timestamp": "2026-08-05T16:31:19.013055Z"}
{"collection": "chapters", "dim": 64, "event": "qdrant.collection_created", "level": "info", "timestamp": "2026-08-05T16:31:19.013526Z"}
{"collection": "sections", "dim": 64, "event": "qdrant.collection_created", "level": "info", "timestamp": "2026-08-05T16:31:19.013861Z"}
{"collection": "clauses", "dim": 64, "event": "qdrant.collection_created", "level": "info", "timestamp": "2026-08-05T16:31:19.014232Z"}
{"doc_id": "d", "collections": {"documents": 1, "sections": 1}, "event": "index.graph_complete", "level": "info", "timestamp": "2026-08-05T16:31:19.015143Z"}
{"mode": "in-memory", "dim": 32, "event": "qdrant.connected", "level": "info", "timestamp": "2026-08-05T16:31:19.022767Z"}
{"collection": "documents", "dim": 32, "event": "qdrant.collection_created", "level": "info", "timestamp": "2026-08-05T16:31:19.023384Z"}
{"collection": "chapters", "dim": 32, "event": "qdrant.collection_created", "level": "info", "timestamp": "2026-08-05T16:31:19.023711Z"}
{"collection": "sections", "dim": 32, "event": "qdrant.collection_created", "level": "info", "timestamp": "2026-08-05T16:31:19.023964Z"}
{"collection": "clauses", "dim": 32, "event": "qdrant.collection_created", "level": "info", "timestamp": "2026-08-05T16:31:19.024222Z"}
{"doc_id": "doc1", "collections": {"documents": 1, "chapters": 2, "sections": 3}, "event": "index.graph_complete", "level": "info", "timestamp": "2026-08-05T16:31:19.025791Z"}
{"mode": "in-memory", "dim": 32, "event": "qdrant.connected", "level": "info", "timestamp": "2026-08-05T16:31:19.032921Z"}
{"collection": "documents", "dim": 32, "event": "qdrant.collection_created", "level": "info", "timestamp": "2026-08-05T16:31:19.033552Z"}
{"collection": "chapters", "dim": 32, "event": "qdrant.collection_created", "level": "info", "timestamp": "2026-08-05T16:31:19.033982Z"}
{"collection": "sections", "dim": 32, "event": "qdrant.collection_created", "level": "info", "timestamp": "2026-08-05T16:31:19.034312Z"}
{"collection": "clauses", "dim": 32, "event": "qdrant.collection_created", "level": "info", "timestamp": "2026-08-05T16:31:19.034559Z"}
{"doc_id": "doc1", "collections": {"documents": 1, "chapters": 2, "sections": 3}, "event": "index.graph_complete", "level": "info", "timestamp": "2026-08-05T16:31:19.036175Z"}
{"mode": "in-memory", "dim": 32, "event": "qdrant.connected", "level": "info", "timestamp": "2026-08-05T16:31:19.045190Z"}
{"collection": "documents", "dim": 32, "event": "qdrant.collection_created", "level": "info", "timestamp": "2026-08-05T16:31:19.045992Z"}
{"collection": "chapters", "dim": 32, "event": "qdrant.collection_created", "level": "info", "timestamp": "2026-08-05T16:31:19.046449Z"}
{"collection": "sections", "dim": 32, "event": "qdrant.collection_created", "level": "info", "timestamp": "2026-08-05T16:31:19.046822Z"}
{"collection": "clauses", "dim": 32, "event": "qdrant.collection_created", "level": "info", "timestamp": "2026-08-05T16:31:19.047195Z"}
{"doc_id": "doc1", "collections": {"documents": 1, "chapters": 2, "sections": 3}, "event": "index.graph_complete", "level": "info", "timestamp": "2026-08-05T16:31:19.049857Z"}
{"mode": "in-memory", "dim": 64, "event": "qdrant.connected", "level": "info", "timestamp": "2026-08-05T16:31:19.058000Z"}
{"collection": "documents", "dim": 64, "event": "qdrant.collection_created", "level": "info", "timestamp": "2026-08-05T16:31:19.058798Z"}
{"collection": "chapters", "dim": 64, "event": "qdrant.collection_created", "level": "info", "timestamp": "2026-08-05T16:31:19.059249Z"}
{"collection": "sections", "dim": 64, "event": "qdrant.collection_created", "level": "info", "timestamp": "2026-08-05T16:31:19.059635Z"}
{"collection": "clauses", "dim": 64, "event": "qdrant.collection_created", "level": "info", "timestamp": "2026-08-05T16:31:19.059980Z"}
{"doc_id": "docX", "collections": {"documents": 1, "sections": 2}, "event": "index.graph_complete", "level": "info", "timestamp": "2026-08-05T16:31:19.061265Z"}
{"mode": "in-memory", "dim": 64, "event": "qdrant.connected", "level": "info", "timestamp": "2026-08-05T16:31:19.069864Z"}
{"collection": "documents", "dim": 64, "event": "qdrant.collection_created", "level": "info", "timestamp": "2026-08-05T16:31:19.070456Z"}
{"collection": "chapters", "dim": 64, "event": "qdrant.collection_created", "level": "info", "timestamp": "2026-08-05T16:31:19.070742Z"}
{"collection": "sections", "dim": 64, "event": "qdrant.collection_created", "level": "info", "timestamp": "2026-08-05T16:31:19.070990Z"}
{"collection": "clauses", "dim": 64, "event": "qdrant.collection_created", "level": "info", "timestamp": "2026-08-05T16:31:19.071291Z"}
{"doc_id": "docX", "collections": {"documents": 1, "sections": 2}, "event": "index.graph_complete", "level": "info", "timestamp": "2026-08-05T16:31:19.072309Z"}
{"mode": "in-memory", "dim": 64, "event": "qdrant.connected", "level": "info", "timestamp": "2026-08-05T16:31:19.079404Z"}
{"collection": "documents", "dim": 64, "event": "qdrant.collection_created", "level": "info", "timestamp": "2026-08-05T16:31:19.079861Z"}
{"collection": "chapters", "dim": 64, "event": "qdrant.collection_created", "level": "info", "timestamp": "2026-08-05T16:31:19.080126Z"}
{"collection": "sections", "dim": 64, "event": "qdrant.collection_created", "level": "info", "timestamp": "2026-08-05T16:31:19.080374Z"}
{"collection": "clauses", "dim": 64, "event": "qdrant.collection_created", "level": "info", "timestamp": "2026-08-05T16:31:19.080606Z"}
{"doc_id": "docY", "collections": {"documents": 1, "sections": 2}, "event": "index.graph_complete", "level": "info", "timestamp": "2026-08-05T16:31:19.081380Z"}
{"mode": "in-memory", "dim": 32, "event": "qdrant.connected", "level": "info", "timestamp": "2026-08-05T16:31:19.088933Z"}
{"collection": "documents", "dim": 32, "event": "qdrant.collection_created", "level": "info", "timestamp": "2026-08-05T16:31:19.089908Z"}
{"collection": "chapters", "dim": 32, "event": "qdrant.collection_created", "level": "info", "timestamp": "2026-08-05T16:31:19.090441Z"}
{"collection": "sections", "dim": 32, "event": "qdrant.collection_created", "level": "info", "timestamp": "2026-08-05T16:31:19.090908Z"}
{"collection": "clauses", "dim": 32, "event": "qdrant.collection_created", "level": "info", "timestamp": "2026-08-05T16:31:19.091211Z"}
{"doc_id": "doc1", "collections": {"documents": 1, "chapters": 2, "sections": 3}, "event": "index.graph_complete", "level": "info", "timestamp": "2026-08-05T16:31:19.093276Z"}
{"mode": "in-memory", "dim": 32, "event": "qdrant.connected", "level": "info", "timestamp": "2026-08-05T16:31:19.101331Z"}
{"collection": "documents", "dim": 32, "event": "qdrant.collection_created", "level": "info", "timestamp": "2026-08-05T16:31:19.101917Z"}
{"collection": "chapters", "dim": 32, "event": "qdrant.collection_created", "level": "info", "timestamp": "2026-08-05T16:31:19.102261Z"}
{"collection": "sections", "dim": 32, "event": "qdrant.collection_created", "level": "info", "timestamp": "2026-08-05T16:31:19.102670Z"}
{"collection": "clauses", "dim": 32, "event": "qdrant.collection_created", "level": "info", "timestamp": "2026-08-05T16:31:19.103100Z"}
{"mode": "in-memory", "dim": 32, "event": "qdrant.connected", "level": "info", "timestamp": "2026-08-05T16:31:19.110140Z"}
{"collection": "documents", "dim": 32, "event": "qdrant.collection_created", "level": "info", "timestamp": "2026-08-05T16:31:19.110658Z"}
{"collection": "chapters", "dim": 32, "event": "qdrant.collection_created", "level": "info", "timestamp": "2026-08-05T16:31:19.110935Z"}
{"collection": "sections", "dim": 32, "event": "qdrant.collection_created", "level": "info", "timestamp": "2026-08-05T16:31:19.111192Z"}
{"collection": "clauses", "dim": 32, "event": "qdrant.collection_created", "level": "info", "timestamp": "2026-08-05T16:31:19.111418Z"}
{"doc_id": "doc1", "collections": {"documents": 1, "chapters": 2, "sections": 3}, "event": "index.graph_complete", "level": "info", "timestamp": "2026-08-05T16:31:19.112956Z"}
{"query": "performance of contracts", "seeds": 2, "candidates": 3, "returned": 3, "event": "retrieval.complete", "level": "info", "timestamp": "2026-08-05T16:31:19.114107Z"}
{"query": "performance of contracts", "candidates": 6, "returned": 5, "event": "retrieval.hybrid_complete", "level": "info", "timestamp": "2026-08-05T16:31:19.115098Z"}
{"mode": "in-memory", "dim": 32, "event": "qdrant.connected", "level": "info", "timestamp": "2026-08-05T16:31:19.122485Z"}
{"collection": "documents", "dim": 32, "event": "qdrant.collection_created", "level": "info", "timestamp": "2026-08-05T16:31:19.123120Z"}
{"collection": "chapters", "dim": 32, "event": "qdrant.collection_created", "level": "info", "timestamp": "2026-08-05T16:31:19.123688Z"}
{"collection": "sections", "dim": 32, "event": "qdrant.collection_created", "level": "info", "timestamp": "2026-08-05T16:31:19.124056Z"}
{"collection": "clauses", "dim": 32, "event": "qdrant.collection_created", "level": "info", "timestamp": "2026-08-05T16:31:19.124464Z"}
{"doc_id": "doc1", "collections": {"documents": 1, "chapters": 2, "sections": 3}, "event": "index.graph_complete", "level": "info", "timestamp": "2026-08-05T16:31:19.126938Z"}
{"query": "performance of contracts", "seeds": 2, "candidates": 3, "returned": 3, "event": "retrieval.complete", "level": "info", "timestamp": "2026-08-05T16:31:19.128439Z"}
{"query": "performance of contracts", "candidates": 6, "returned": 5, "event": "retrieval.hybrid_complete", "level": "info", "timestamp": "2026-08-05T16:31:19.129496Z"}
{"mode": "in-memory", "dim": 32, "event": "qdrant.connected", "level": "info", "timestamp": "2026-08-05T16:31:19.136580Z"}
{"collection": "documents", "dim": 32, "event": "qdrant.collection_created", "level": "info", "timestamp": "2026-08-05T16:31:19.137168Z"}
{"collection": "chapters", "dim": 32, "event": "qdrant.collection_created", "level": "info", "timestamp": "2026-08-05T16:31:19.137564Z"}
{"collection": "sections", "dim": 32, "event": "qdrant.collection_created", "level": "info", "timestamp": "2026-08-05T16:31:19.137923Z"}
{"collection": "clauses", "dim": 32, "event": "qdrant.collection_created", "level": "info", "timestamp": "2026-08-05T16:31:19.138314Z"}
{"doc_id": "doc1", "collections": {"documents": 1, "chapters": 2, "sections": 3}, "event": "index.graph_complete", "level": "info", "timestamp": "2026-08-05T16:31:19.140196Z"}
{"query": "performance of contracts", "seeds": 2, "candidates": 3, "returned": 3, "event": "retrieval.complete", "level": "info", "timestamp": "2026-08-05T16:31:19.141346Z"}
{"query": "performance of contracts", "candidates": 6, "returned": 6, "event": "retrieval.hybrid_complete", "level": "info", "timestamp": "2026-08-05T16:31:19.142364Z"}
{"mode": "in-memory", "dim": 32, "event": "qdrant.connected", "level": "info", "timestamp": "2026-08-05T16:31:19.148657Z"}
{"collection": "documents", "dim": 32, "event": "qdrant.collection_created", "level": "info", "timestamp": "2026-08-05T16:31:19.149111Z"}
{"collection": "chapters", "dim": 32, "event": "qdrant.collection_created", "level": "info", "timestamp": "2026-08-05T16:31:19.149613Z"}
{"collection": "sections", "dim": 32, "event": "qdrant.collection_created", "level": "info", "timestamp": "2026-08-05T16:31:19.149989Z"}
{"collection": "clauses", "dim": 32, "event": "qdrant.collection_created", "level": "info", "timestamp": "2026-08-05T16:31:19.150438Z"}
{"doc_id": "doc1", "collections": {"documents": 1, "chapters": 2, "sections": 3}, "event": "index.graph_complete", "level": "info", "timestamp": "2026-08-05T16:31:19.153385Z"}
{"query": "performance of contracts", "seeds": 2, "candidates": 3, "returned": 3, "event": "retrieval.complete", "level": "info", "timestamp": "2026-08-05T16:31:19.155106Z"}
{"query": "performance of contracts", "candidates": 6, "returned": 6, "event": "retrieval.hybrid_complete", "level": "info", "timestamp": "2026-08-05T16:31:19.156348Z"}
{"mode": "in-memory", "dim": 32, "event": "qdrant.connected", "level": "info", "timestamp": "2026-08-05T16:31:19.163182Z"}
{"collection": "documents", "dim": 32, "event": "qdrant.collection_created", "level": "info", "timestamp": "2026-08-05T16:31:19.163724Z"}
{"collection": "chapters", "dim": 32, "event": "qdrant.collection_created", "level": "info", "timestamp": "2026-08-05T16:31:19.163992Z"}
{"collection": "sections", "dim": 32, "event": "qdrant.collection_created", "level": "info", "timestamp": "2026-08-05T16:31:19.164234Z"}
{"collection": "clauses", "dim": 32, "event": "qdrant.collection_created", "level": "info", "timestamp": "2026-08-05T16:31:19.164454Z"}
{"query": "performance of contracts", "seeds": 2, "candidates": 3, "returned": 3, "event": "retrieval.complete", "level": "info", "timestamp": "2026-08-05T16:31:19.166324Z"}
{"query": "performance of contracts", "candidates": 3, "returned": 3, "event": "retrieval.hybrid_complete", "level": "info", "timestamp": "2026-08-05T16:31:19.167300Z"}
{"mode": "in-memory", "dim": 32, "event": "qdrant.connected", "level": "info", "timestamp": "2026-08-05T16:31:19.173317Z"}
{"collection": "documents", "dim": 32, "event": "qdrant.collection_created", "level": "info", "timestamp": "2026-08-05T16:31:19.173830Z"}
{"collection": "chapters", "dim": 32, "event": "qdrant.collection_created", "level": "info", "timestamp": "2026-08-05T16:31:19.174092Z"}
{"collection": "sections", "dim": 32, "event": "qdrant.collection_created", "level": "info", "timestamp": "2026-08-05T16:31:19.174338Z"}
{"collection": "clauses", "dim": 32, "event": "qdrant.collection_created", "level": "info", "timestamp": "2026-08-05T16:31:19.174563Z"}
{"doc_id": "doc1", "collections": {"documents": 1, "chapters": 2, "sections": 3}, "event": "index.graph_complete", "level": "info", "timestamp": "2026-08-05T16:31:19.176081Z"}
{"query": "section 4", "seeds": 1, "candidates": 3, "returned": 3, "event": "retrieval.complete", "level": "info", "timestamp": "2026-08-05T16:31:19.177245Z"}
{"query": "section 4", "candidates": 6, "returned": 5, "event": "retrieval.hybrid_complete", "level": "info", "timestamp": "2026-08-05T16:31:19.178250Z"}
{"mode": "in-memory", "dim": 32, "event": "qdrant.connected", "level": "info", "timestamp": "2026-08-05T16:31:19.184541Z"}
{"collection": "documents", "dim": 32, "event": "qdrant.collection_created", "level": "info", "timestamp": "2026-08-05T16:31:19.185018Z"}
{"collection": "chapters", "dim": 32, "event": "qdrant.collection_created", "level": "info", "timestamp": "2026-08-05T16:31:19.185319Z"}
{"collection": "sections", "dim": 32, "event": "qdrant.collection_created", "level": "info", "timestamp": "2026-08-05T16:31:19.186288Z"}
{"collection": "clauses", "dim": 32, "event": "qdrant.collection_created", "level": "info", "timestamp": "2026-08-05T16:31:19.186744Z"}
{"doc_id": "doc1", "collections": {"documents": 1, "chapters": 2, "sections": 3}, "event": "index.graph_complete", "level": "info", "timestamp": "2026-08-05T16:31:19.188729Z"}
{"query": "performance of contracts", "seeds": 2, "candidates": 3, "returned": 3, "event": "retrieval.complete", "level": "info", "timestamp": "2026-08-05T16:31:19.190010Z"}
{"query": "performance of contracts", "candidates": 6, "returned": 5, "event": "retrieval.hybrid_complete", "level": "info", "timestamp": "2026-08-05T16:31:19.191018Z"}
{"mode": "in-memory", "dim": 32, "event": "qdrant.connected", "level": "info", "timestamp": "2026-08-05T16:31:19.200376Z"}
{"collection": "documents", "dim": 32, "event": "qdrant.collection_created", "level": "info", "timestamp": "2026-08-05T16:31:19.201145Z"}
{"collection": "chapters", "dim": 32, "event": "qdrant.collection_created", "level": "info", "timestamp": "2026-08-05T16:31:19.201482Z"}
{"collection": "sections", "dim": 32, "event": "qdrant.collection_created", "level": "info", "timestamp": "2026-08-05T16:31:19.201754Z"}
{"collection": "clauses", "dim": 32, "event": "qdrant.collection_created", "level": "info", "timestamp": "2026-08-05T16:31:19.202014Z"}
{"doc_id": "doc1", "collections": {"documents": 1, "chapters": 2, "sections": 3}, "event": "index.graph_complete", "level": "info", "timestamp": "2026-08-05T16:31:19.203795Z"}
{"query": "performance of contracts", "seeds": 2, "candidates": 3, "returned": 3, "event": "retrieval.complete", "level": "info", "timestamp": "2026-08-05T16:31:19.205153Z"}
{"query": "performance of contracts", "candidates": 6, "returned": 5, "event": "retrieval.hybrid_complete", "level": "info", "timestamp": "2026-08-05T16:31:19.206293Z"}
{"mode": "in-memory", "dim": 32, "event": "qdrant.connected", "level": "info", "timestamp": "2026-08-05T16:31:19.212786Z"}
{"collection": "documents", "dim": 32, "event": "qdrant.collection_created", "level": "info", "timestamp": "2026-08-05T16:31:19.213274Z"}
{"collection": "chapters", "dim": 32, "event": "qdrant.collection_created", "level": "info", "timestamp": "2026-08-05T16:31:19.213657Z"}
{"collection": "sections", "dim": 32, "event": "qdrant.collection_created", "level": "info", "timestamp": "2026-08-05T16:31:19.214049Z"}
{"collection": "clauses", "dim": 32, "event": "qdrant.collection_created", "level": "info", "timestamp": "2026-08-05T16:31:19.214424Z"}
{"doc_id": "doc1", "collections": {"documents": 1, "chapters": 2, "sections": 3}, "event": "index.graph_complete", "level": "info", "timestamp": "2026-08-05T16:31:19.216187Z"}
{"query": "performance of contracts", "seeds": 2, "candidates": 3, "returned": 3, "event": "retrieval.complete", "level": "info", "timestamp": "2026-08-05T16:31:19.217344Z"}
{"query": "performance of contracts", "candidates": 6, "returned": 5, "event": "retrieval.hybrid_complete", "level": "info", "timestamp": "2026-08-05T16:31:19.218341Z"}
{"mode": "in-memory", "dim": 32, "event": "qdrant.connected", "level": "info", "timestamp": "2026-08-05T16:31:19.224306Z"}
{"collection": "documents", "dim": 32, "event": "qdrant.collection_created", "level": "info", "timestamp": "2026-08-05T16:31:19.224757Z"}
{"collection": "chapters", "dim": 32, "event": "qdrant.collection_created", "level": "info", "timestamp": "2026-08-05T16:31:19.225022Z"}
{"collection": "sections", "dim": 32, "event": "qdrant.collection_created", "level": "info", "timestamp": "2026-08-05T16:31:19.225255Z"}
{"collection": "clauses", "dim": 32, "event": "qdrant.collection_created", "level": "info", "timestamp": "2026-08-05T16:31:19.225477Z"}
{"doc_id": "doc1", "collections": {"documents": 1, "chapters": 2, "sections": 3}, "event": "index.graph_complete", "level": "info", "timestamp": "2026-08-05T16:31:19.227177Z"}
{"query": "performance of contracts", "seeds": 2, "candidates": 3, "returned": 3, "event": "retrieval.complete", "level": "info", "timestamp": "2026-08-05T16:31:19.228866Z"}
{"query": "performance of contracts", "candidates": 6, "returned": 5, "event": "retrieval.hybrid_complete", "level": "info", "timestamp": "2026-08-05T16:31:19.230001Z"}
{"query": "performance of contracts", "seeds": 2, "candidates": 3, "returned": 3, "event": "retrieval.complete", "level": "info", "timestamp": "2026-08-05T16:31:19.231004Z"}
{"query": "performance of contracts", "candidates": 6, "returned": 5, "event": "retrieval.hybrid_complete", "level": "info", "timestamp": "2026-08-05T16:31:19.231956Z"}
